web-scraper-order,web-scraper-start-url,titl,imag-src,click,click-href,conte,revie,star,author
1749266739-3,https://www.xiaohongshu.com/search_result?keyword=%25E5%2581%2587%25E9%2599%2588%25E7%259A%25AE&source=unknown,我还以为再也喝不到好喝的新会陈皮了?,https://sns-webpic-qc.xhscdn.com/202506071125/7d4f5383a9ac231a5a113526ebedb988/0302bm016gc7o56yrx9010zsa4u0s9kgug!nc_n_webp_mw_1,,https://www.xiaohongshu.com/search_result/637c8b4c000000000d028fbb?xsec_token=ABmASAp1tlQB6uIQzEwe2lErRm4Blwf0SOacrlLCwFpgk=&xsec_source=,"喝陈皮三四年了，之前一直在附近的茶庄买，现在搬家了，也没留个茶庄老板的联系方式。在网上挑了家知名度比较高的，没想到满满的都是科技。表皮发黑，内囊几乎看不到经脉的存在，用手电筒照的时候几乎看不见油包。怪不得经常看到大家说容易买到假的新会陈皮，没想到品牌的也不是很靠谱
·
看小红书一些帖子说药店品质也很一般，我不信邪，还是抱着堵堵看的心态去买了。当时在药店看着外貌还不错，跟之前喝的很像，油包看着也还行，但是泡出来根本没啥陈皮味！真的踩雷了
·
真的很想念之前的味道，最后还是托人联系了之前的茶庄老板，可惜老板不干了。他看我是老顾客便给我推了新会当地的果农。内囊脉络明显，油包很密集，陈皮味光是闻起来就十分香浓
·
今天一时兴起，就给大家拍个照片做对比。现在市面上的工艺皮越来越高明了，有时候肉眼甚至分辨不出来，还是希望各位陈皮爱好者都能喝上好喝的陈皮
#新会陈皮 #测评","[{""revie"":""CC-莎莎第一种是好还是不好？2024-10-06赞回复""},{""revie"":""新会陈皮农村小伙老树果的皮薄油包是比较清透的，嫩树果皮厚不清透的，每个产区皮的价格，功效，味道也不一样的2022-11-221回复""}]",9,瘦到100斤冲啊
1749266751-5,https://www.xiaohongshu.com/search_result?keyword=%25E5%2581%2587%25E9%2599%2588%25E7%259A%25AE&source=unknown,三年的皮，又被虫??当窝里！！！,https://sns-webpic-qc.xhscdn.com/202506071125/6b8326fb4d0e54592b6f4645a804234b/1040g2sg31ae25fji7c6g5p4ufa5483kcomfeik0!nc_n_webp_mw_1,,https://www.xiaohongshu.com/search_result/673dd259000000000203b817?xsec_token=ABi9nPhshbpEQfnC_IZbUxW24QtyP9GuDLra79eerk0r4=&xsec_source=,"东西好不好
假不假
虫子??比你懂[捂脸]#陈皮","[{""revie"":""??手可摘星陈你的皮内囊厚的好像假皮2024-11-20419邻家作者三年皮是这样的2024-11-212回复展开 18 条回复""},{""revie"":""吉士汉堡加茄酱你的三年皮，好像一年皮。没怎么转化2024-11-2028邻家作者看颜色，还可以吧2024-11-211回复展开 7 条回复""},{""revie"":""细B的妈首先皮不是新会陈皮，二次新皮不适合玻璃瓶存放2024-11-25赞13喜居饮食??新会人，识货2024-11-291回复展开 12 条回复""},{""revie"":""天酝牌六堡茶我4年的皮2024-11-21赞9Hcl好靓的皮2024-11-211回复展开 8 条回复""},{""revie"":""yoyo有没有懂看的帮我看看2024-11-28赞6yoyo2024-11-281回复展开 5 条回复""},{""revie"":""momo多拿出来晒晒2024-12-08赞4泡泡铁桶布袋在哪里买呀？有店家推荐吗？2024-12-12赞回复展开 3 条回复""},{""revie"":""邻家作者对，推介下，哪里有鲜果卖，卖过来自己弄2024-11-25赞1Lifelong有2024-11-28赞回复""},{""revie"":""新会陈皮果农家的小二拿到冷冻层冷冻，然后再拿出来晒干，蛀虫才会死2024-11-26赞1邻家作者学到了2024-11-26赞回复""},{""revie"":""Smil求教怎么能防虫2024-11-21赞3大只广八角2024-11-22赞回复展开 2 条回复""},{""revie"":""宋秋阳这要是新会皮，我全生吃了。再给你赔等量的。2024-12-0822糖钰小宝哥们，那怎么弄到真的？2024-12-17赞回复展开 1 条回复""}]",12,邻家
1749266760-7,https://www.xiaohongshu.com/search_result?keyword=%25E5%2581%2587%25E9%2599%2588%25E7%259A%25AE&source=unknown,新会茶枝柑-新会陈皮-陈皮艺术,https://sns-webpic-qc.xhscdn.com/202506071125/9f2e3eaa95688954c237c84642a4633c/1040g00831bq1g7nt10005o9deh30aiqsf6hlbu0!nc_n_webp_mw_1,,https://www.xiaohongshu.com/search_result/676adb44000000000b023205?xsec_token=ABGwodB0VlcZ_AXzK1JAQpfI5Mdt4-ilfZ2yg1ZBVWjfE=&xsec_source=,把新会陈皮玩出花来、艺术晒制陈皮！新会东甲冬后皮、超红足糖的魅力！期待储存三年后的朱砂红、朱砂黑！#新会陈皮#冬后大红皮陈皮 #梅江 #东甲#塞口围 #牛比围冬后 #新会老树柑 #私家收藏 #玩陈皮,"[{""revie"":""??多多靓大红01-21赞回复""},{""revie"":""梨花喵咪酱??好漂亮01-02赞回复""},{""revie"":""小红薯64BABB3F玩出芭蕾了2024-12-25赞回复""}]",9,独饮威士忌??
1749266765-8,https://www.xiaohongshu.com/search_result?keyword=%25E5%2581%2587%25E9%2599%2588%25E7%259A%25AE&source=unknown,陈皮的制作工艺,https://sns-webpic-qc.xhscdn.com/202506071125/7fee45de331ea4c30e87a3ea225d84d2/57e38758-1105-37ad-9726-246a7afdbcac!nc_n_webp_mw_1,,https://www.xiaohongshu.com/search_result/604df347000000000102cca9?xsec_token=ABuhWtuGsmo4PkQV1YYjdhbPd6BbgJ4esGqsflBHRenK0=&xsec_source=,"陈皮的制作工艺流程：
1.先按照“两刀三瓣”将柑皮切开剥离果肉，然后静置四、五小时，使其自然脱水萎缩。
2.手工将柑皮翻起来，让白的一面向上，放到干燥的场地上自然风干。
3.用麻袋或者草袋等通风包装装起来，入库干燥保存，梅雨季节需防湿防潮。
正宗地道的干仓陈皮是阳光生晒，自然陈化，不加特殊工艺手段制成的，柑皮慢慢陈化三年，才叫陈皮，切不可操之过急。
新会陈皮：年份短的陈皮内表面呈雪白色或黄白色，外表面呈猪须纹，颜色呈鲜红色或暗红色；年份高的陈皮内囊风化蓬松自然剥落有立体感，内外表面陈旧感明显，呈棕褐色甚至黑色。但无论多陈，都干净鲜明，纹理清淅，有光泽。","[{""revie"":""大宝请问一天只有阳台晒1小时能晒吗？晒到没太阳收起来第二天晒吗2022-09-2926张姑娘家陈皮作者你要摸一下皮质硬了就放凉了可以存起来2022-09-291回复展开 5 条回复""},{""revie"":""源来如此对橘子皮有什么要求吗？2022-10-01赞6张姑娘家陈皮作者必须是新会皮2022-10-011回复展开 5 条回复""},{""revie"":""华仔怎么联系你啊？2024-11-2411张姑娘家陈皮作者2024-11-24赞回复""},{""revie"":""圆圆怎么买呀2023-04-1611张姑娘家陈皮作者cpc   1792023-04-161回复""},{""revie"":""ZZ~琪不用蒸吗？2022-10-0311张姑娘家陈皮作者不用2022-10-03赞回复""},{""revie"":""琦姐儿几月有采摘2022-07-2311张姑娘家陈皮作者现在开始采摘了，欢迎来果园2022-07-24赞回复""},{""revie"":""豆豆妈洗的时候需要用盐搓洗吗？2022-12-18赞1张姑娘家陈皮作者不用2022-12-18赞回复""},{""revie"":""丘山晒之前需要洗吗2022-10-14赞1张姑娘家陈皮作者用湿毛巾擦擦2022-10-14赞回复""},{""revie"":""张姑娘家陈皮作者收藏陈皮cpc1792024-09-25赞回复""},{""revie"":""张姑娘家陈皮作者cpc179妹妹在2024-06-20赞回复""}]",694,张姑娘家陈皮
1749266792-14,https://www.xiaohongshu.com/search_result?keyword=%25E5%2581%2587%25E9%2599%2588%25E7%259A%25AE&source=unknown,陈皮的真实年份怎么判定？教你实用一招,https://sns-webpic-qc.xhscdn.com/202506071125/8024aba53da525b6e0fc938c5ce90ce1/1040g00830nojr5oe7a5g45oq80q1p0hptq5s4io!nc_n_webp_mw_1,,https://www.xiaohongshu.com/search_result/64da090d000000000b02992b?xsec_token=ABHdxFjmCf8tSOXhlKXLLLnXwoH74mVfdsvvP5jnci9Ns=&xsec_source=,"?? 陈皮的真实年份怎么判断，其实是可以从内囊情况初步判定？
.
?? 比如那种内囊看起来厚厚实实，没有立体感的，都是人工干扰过的，很多都是不到三年，就做旧，做成10年，20年，自然陈化不到三年，养生效果也发挥不出来
.
?? 自然陈化的新会陈皮，不管多少年，内囊都会呈现海绵浮松感，有立体感，只不过随着不同年份，脱落的情况不同
》
》具体可以看上图，希望对大家有用，不知道怎么挑选好陈皮，或者需要鉴别陈皮，欢迎大家留言或私聊
.
#新会陈皮科普??#正宗新会陈皮???#陈皮#新会陈皮鉴定 #陈皮评鉴","[{""revie"":""云淡风轻是十年的吗？2023-11-12618邹伟伟陈皮评测作者没有2023-11-132回复展开 17 条回复""},{""revie"":""我有厌蠢症能否帮忙看看，谢谢01-03111邹伟伟陈皮评测作者只有这一片吗？01-04赞回复展开 10 条回复""},{""revie"":""+++++++蛋这个呢？03-02赞7邹伟伟陈皮评测作者别人送的吧03-10赞回复展开 6 条回复""},{""revie"":""七曜03-08赞5邹伟伟陈皮评测作者03-10赞回复展开 4 条回复""},{""revie"":""Morvantos能否帮忙看看这个是几年的陈皮呀02-19赞3邹伟伟陈皮评测作者发霉了？03-10赞回复展开 2 条回复""},{""revie"":""乘七老板 这个看起来呢 是真的吗 大概有多少年 求解答01-18赞3邹伟伟陈皮评测作者看不清01-19赞回复展开 2 条回复""},{""revie"":""??Joy.yao??这是正面01-11赞3邹伟伟陈皮评测作者科技01-12赞回复展开 2 条回复""},{""revie"":""嗨~老师 这个能看出是自然还是工艺皮嘛01-10赞3邹伟伟陈皮评测作者看着还好，看着口感一般吧01-111回复展开 2 条回复""},{""revie"":""芝麻烦老板看一下，这有10年吗？01-10赞3邹伟伟陈皮评测作者10年没有01-10赞回复展开 2 条回复""},{""revie"":""白菜不白这个有十年吗01-07赞3邹伟伟陈皮评测作者没有01-07赞回复展开 2 条回复""}]",720,邹伟伟陈皮评测
1749266797-15,https://www.xiaohongshu.com/search_result?keyword=%25E5%2581%2587%25E9%2599%2588%25E7%259A%25AE&source=unknown,陈皮玫瑰,https://sns-webpic-qc.xhscdn.com/202506071125/67a34bc6bb2819f7eb2e6bc7e4f431a3/1040g008316i21jl61e504a4qnke0pfera6gorqo!nc_n_webp_mw_1,,https://www.xiaohongshu.com/search_result/66bedb09000000000d032c9b?xsec_token=AB1p3CttayRu1_UiAZFOAAGyFsM7h2V5wJ46GtuQpfJ5g=&xsec_source=,"陈皮存放3年以上才有药用价值
日常饮用以原枝大红皮为主
二红皮或青皮以复方入药为主
3-5年的陈皮适合入膳
5-10年的陈皮适合日常饮用
10年以上的陈皮养生最佳
……
#养生茶 #食疗养生 #陈皮","[{""revie"":""珠海CORIUM &HTL～Wing??你好，是晒干还是烘干的2024-11-0922智卉作者天然日晒的哈2024-11-09赞回复展开 1 条回复""},{""revie"":""林檬茶TT摆那么好看，不用翻晒吗？会长虫啊2024-10-2031智卉作者正常翻晒就行的哈2024-10-201回复""},{""revie"":""小罗总好看是好看，如果是真的新会好皮，就是有点糟蹋了。陈皮不是晒干了就可以，还得经过岁月的陈化，这里就会出现里外不一（陈化、排酸、干燥）01-061回复""},{""revie"":""瓶子酱图一的罐子能不能推个链接呀2024-11-161回复""}]",128,智卉
1749266802-16,https://www.xiaohongshu.com/search_result?keyword=%25E5%2581%2587%25E9%2599%2588%25E7%259A%25AE&source=unknown,陈皮 深度解读 教你一些你能用到的知识,https://sns-webpic-qc.xhscdn.com/202506071125/2f4194575615a03f4db679656ae2b4d3/1040g2sg30tta7mdckq605ng6tvg08ql2376mtp8!nc_n_webp_mw_1,,https://www.xiaohongshu.com/search_result/65a37dc0000000001d032593?xsec_token=ABcYGcBcTZ2Aiv2yyQ-ucHga6D-RaMw7Rt_dP4JGmqUhs=&xsec_source=,#陈皮 #新会陈皮 #广陈皮 #中药 #中医,"[{""revie"":""梦觉如果纯药用是不是不需要追求广陈皮呢02-10赞2进哥说本草作者这个看自己。02-11赞回复展开 1 条回复""},{""revie"":""小呀小仙凡进哥，帮我看看这个能不能喝。家人在网上买的，我看着好多发黄怕有霉2024-12-08赞2进哥说本草作者你这都是。乱七八糟的掺在一起的。2024-12-09赞回复展开 1 条回复""},{""revie"":""越甲是不是现在嫁接的陈皮，是嫁接在柠檬树上呢？有次喝到一个3年陈皮(还不便宜)，后味儿居然是清亮的果酸2024-01-2311草没sister驳枝。2024-03-16赞回复""},{""revie"":""应无所住03-28赞回复""},{""revie"":""白帝进哥，普通陈皮怎么看品质好坏？是颜色鲜艳的好还是深颜色的好呢？03-20赞回复""},{""revie"":""鱼胶琥珀2024-01-31赞回复""},{""revie"":""靡嗯嗯嗯，挺好，学到了，感谢2024-01-23赞回复""},{""revie"":""??大佬，能不能讲一下牛大力，种植的和野生的干切片的辨认？2024-01-20赞回复""},{""revie"":""山念师兄先赞为敬2024-01-20赞回复""}]",150,进哥说本草
1749266811-18,https://www.xiaohongshu.com/search_result?keyword=%25E5%2581%2587%25E9%2599%2588%25E7%259A%25AE&source=unknown,新会梁启超故居：周边卖陈皮，内里精神无价,https://sns-webpic-qc.xhscdn.com/202506071125/2ad8b80c6d7ce830d90db67b3c4b16ff/1040g00830tr7sagbkmig5p4p4n3iqgn9u5d9qqg!nc_n_webp_mw_1,,https://www.xiaohongshu.com/search_result/65a15521000000001d02b054?xsec_token=ABEBTIqYxK-nVl8ztujXPL7mbeLuPi10JJZEkj9vvmL0o=&xsec_source=,去梁启超故居，进到茶坑村口，看到旁边都在卖陈皮，足见新会号称陈皮之乡之功力。先到梁启超纪念馆看展览介绍，发现分期记录的很详尽，可观这位天才的传奇一生。梁启超故居建于清光绪年间，是一幢古色古香的青砖土瓦平房，由故居、怡堂书室、回廊等建筑组成，建筑面积有400多平方米。整体感觉方正清爽，其家庭教育亦值得研究和借鉴。#值得一去的博物馆 #人文景点分享 #历史建筑,"[{""revie"":""努力努力再努力放宽心图1请问在哪2024-07-15赞1玉露风华作者梁启超纪念馆，挺新的，也在那里，几年前去还没有。2024-07-16赞回复""},{""revie"":""玉露风华作者陈皮有价，精神无价2024-01-131回复""}]",7,玉露风华
1749266816-19,https://www.xiaohongshu.com/search_result?keyword=%25E5%2581%2587%25E9%2599%2588%25E7%259A%25AE&source=unknown,探店—葵记新会陈皮,https://sns-webpic-qc.xhscdn.com/202506071125/e8973bcb66fd0aff9b343d2cbc6db3e8/1040g00830u4vpooal40049f2fa03qqjq47ttp8g!nc_n_webp_mw_1,,https://www.xiaohongshu.com/search_result/65ab5063000000000a032ba3?xsec_token=ABrd0yD7lYFj4M5bETSrb5WQQs3tvkg5ZQ-17Ci76ymeI=&xsec_source=,新会的葵记陈皮，是国家地理标志认证商家。今天过来看看～,"[{""revie"":""丸不丸图3/4分别是什么套餐呀2024-06-2011Yuki酱作者亲爱的 下面定位按进去 有电话可以咨询一下哦，我也不大清楚现在套餐是怎样2024-06-22赞回复""},{""revie"":""葵记2024-04-081回复""},{""revie"":""Yuki酱作者118陈皮零食大礼包\n208陈皮心选大礼包\n328 陈皮甄选大礼包 \n\n进来就闻到陈皮香气，有好多不同年份的陈皮购买。\n—新会陈皮 \n坚持自然生晒，保留陈皮的原始香气。采用优质的新会柑皮，严格筛选、晾晒、陈化等工序。\n—新会陈皮普洱茶小青柑\n陈皮与普洱茶的结合，既有陈皮的效果，又增添了普洱茶的醇香，很是特别。\n—钙盐陈皮\n无论是作为零食，还是用来泡茶，都能带来独特的味觉享受。\n—各款零食\n雪糕、西式包点、陈皮梅饼、陈皮塔塔酥……2024-01-20赞回复""},{""revie"":""五减一『ONE』昨天去探了下，门面应该重新装修了，跟你图里的不一样05-20广东赞回复""}]",20,Yuki酱
1749266825-21,https://www.xiaohongshu.com/search_result?keyword=%25E5%2581%2587%25E9%2599%2588%25E7%259A%25AE&source=unknown,第一次买新会陈皮?一定要注意这些点,https://sns-webpic-qc.xhscdn.com/202506071125/f6ebeba164df446b96206dba0f3bae55/1040g00830p9mvseo42005p53ftr7osht7va4ito!nc_n_webp_mw_1,,https://www.xiaohongshu.com/search_result/650c4fe40000000020003616?xsec_token=AB72ziSMA8-SfYdQl2_3rhWIBw_yroqnz36trl4mnm0cE=&xsec_source=,"我把这些年喝陈皮踩的雷总结一下，给大家参考参考
?买陈皮不要想着贪便宜，贪便宜你就中圈套了，某多多上有两三百块钱一斤的十年老陈皮，可千万信不得，先不说陈皮晾晒的陈本不说，就算年份高的陈皮不可能那么便宜啦。
?不要买滋补 品店的陈皮，滋补 品店的陈皮很大程度上的陈皮都不是新会的，或者是工艺皮，
?选陈皮不要只看品牌觉得品牌就是好的，很多品牌都不是源头厂家，有些也似乎收购回来的，可能用的也不一定正宗新会陈皮，有些确实是在新会，但是极有可能不在一线产区。加上品牌需要推广运营等，溢价会较高，所以可能性价比会低很多。
自己还是要懂一些陈皮的鉴别方法。另外提醒：如果是找新会果农也要特别注意。去找那些能试喝的商家，先试喝看看。
#陈皮推荐 #新会陈皮 #陈皮 #陈皮知识讲座","[{""revie"":""一梦入山风作者@岁月堂茶坊置顶评论2023-09-26赞2一梦入山风作者我喝的是这家的2023-09-26赞回复展开 1 条回复""},{""revie"":""小红薯6792582B刚去药店就买到工艺皮，气死了，不知道能不能退2023-09-2111一梦入山风作者赶紧去问问！2023-09-221回复""},{""revie"":""用户已注销分析的对我很有帮助，谢谢！2023-09-22赞1一梦入山风作者不客气！2023-09-23赞回复""},{""revie"":""好吧品牌，药店，都不能买，还有真的么2023-09-22赞1一梦入山风作者品牌不是不能买，就是性价比没这么高2023-09-22赞回复""},{""revie"":""勿忘我2024-01-16赞1_秋秋秋_这…油室一个也没有2024-02-04赞回复""},{""revie"":""耶丽可可2024-09-08赞回复""},{""revie"":""小红薯65984871礼貌拿图谢谢2024-06-14赞回复""},{""revie"":""Web3每日精進真的皮2024-04-17赞回复""},{""revie"":""momo姐妹 我这里有新会陈皮 自家的果园 支持试喝 刷到你帖子说你喝了很多年 所以前来自荐一下 希望把你发展成长期用户 我们刚在网上买 所以定价很低 欢迎来询问2024-03-29赞回复""},{""revie"":""莹能帮忙看看这是真的十五年的吗2024-02-10赞回复""}]",51,一梦入山风
1749266830-22,https://www.xiaohongshu.com/search_result?keyword=%25E5%2581%2587%25E9%2599%2588%25E7%259A%25AE&source=unknown,左边的才是陈皮，右边的叫橘子皮,https://sns-webpic-qc.xhscdn.com/202506071125/b44ca8ea6cde731205052df15f5ec091/1000g0082o4llaquk806042rbnukgaa3h7fh1kcg!nc_n_webp_mw_1,,https://www.xiaohongshu.com/search_result/64a140e6000000002700183e?xsec_token=ABjtAIWSt0y16iDu-qs9QRlEhsJdg4md8yPtBS-uEp2Xg=&xsec_source=,"有姐妹私我说她是个寒湿体质，蕞近在喝陈皮茶，但是她觉得很燥，很上??。
我说，你把你喝的陈皮拍个照给我看看。
-
结果一看，这哪里是陈皮，分明是橘子皮嘛。
现在要买到真的陈皮很难，包括我去大yi院抓yao，配方里有陈皮的，抓出来的也是橘子皮。
-
陈皮之所以好，就重在一个“陈”字。经过多年自然晾晒的陈皮，剥离了原有过分的燥气，却保留了它本身理qi健月卑的作用。
月卑胃虚弱寒湿的妹子，适合饮用。但是橘子皮，太燥了，会伤阴血，不能天天喝。
-
所以怎么辨别尼？
1、	一眼看去，外皮颜色发橙色，这个肯定不是陈皮，陈皮是会带一点褐黑色的。
2、	这种外表就是橙色的还好辨别。第二种就是现在工艺比较先进，用高温烘烤的，做出来褐黑色的，看上去几乎难辨真假。
-
教大家两个小技巧，首先看内囊。老陈皮，内囊不会特别黑（图2） ，还可以看到明显地橘络。而高温烘烤的橘子皮，内囊黑黝黝，橘络像被磨平了一样。
-
其次看油室（图3），油室你可以理解为毛孔。打灯以后，老陈皮可以看到很明显的毛孔。而高温烘干的橘子皮，几乎没有毛孔，因为加工过程中破坏了本身的油室。
-
我之前有幸去过广东江门新会，从老农民那里淘到了好的陈皮。后来网上买了几次，却都是橘子皮高温烘干的。
没办法，就开始自制了，姐妹们没事也可以自己在阳台晒。
保存个十年八年的也是一笔不小的财富。
-
PS：陈皮是食物也是yao，在中.医上来讲，单个yao是不建议一直喝的，一定要懂得搭配、配伍。如果姐妹们有气血虚的，更不能一直喝，陈皮会理qi，但也会耗气伤阴。任何东西都有两面性，把着一个东西使劲儿喝就不对了。
#陈皮 #橘子皮?? #新会陈皮 #陈皮知识 #正宗新会陈皮 #健康养生 #养生茶 #养生日常","[{""revie"":""走走Crystal作者8【长按复制这条邀请码消息，打开小红书即可加入该群】 11月30日前可加入群聊\""走走的养生小圈\"" :/#v????????????????????????置顶评论2023-11-02赞回复""},{""revie"":""momo陈皮就是橘皮，陈就是经历过时间的转化，仔细看看，百度百科，大家不要人云亦云，而是自己通过学习掌握知识2023-07-246616走走Crystal作者难道这里讲的不就是经过时间转化的“陈”和没有时间转化的“橘”的区别吗2023-07-2419回复展开 15 条回复""},{""revie"":""~蔡沁妤�哑�血虚的，生产完肚子大回不去的搭配什么和陈皮一起喝2023-07-1239走走Crystal作者看看舌苔两侧有没有齿痕 舌苔腻不腻 脾胃通的情况下 可以和补气血的一起搭配2023-07-121回复展开 8 条回复""},{""revie"":""少一点心柿??可以帮我看看吗2023-10-25赞4走走Crystal作者这个不是陈皮哦2023-10-25赞回复展开 3 条回复""},{""revie"":""??请问下，陈皮就是用橘子皮晒的吗，分品种吗？完全晒干就密封保存起来就好了吗2023-07-19赞4走走Crystal作者川红橘更好 晒透了以后密封罐装起来就好 以后每年夏天可以拿出来晒一晒2023-07-192回复展开 3 条回复""},{""revie"":""月下独酌喝了那么多橘子皮现在才让我刷到、怪不得人愈来愈虚。我还以为黑乎乎的那个陈皮比较燥热，那个看起来新鲜的比较温和一些2023-07-0452走走Crystal作者新的蕞燥，陈的温和，不能喝了，伤阴很严重2023-07-052回复展开 1 条回复""},{""revie"":""长安某麻烦看下我这是真的假的2023-07-0222走走Crystal作者要看内囊，还有打光拍个照片 私发我2023-07-021回复展开 1 条回复""},{""revie"":""走走Crystal作者这个小姐姐主页分享了好多养生干货！尤其是气血虚，体寒的姐妹快来看看呀2023-07-07赞2萝卜干橘子皮也是陈皮，中国药典里面陈皮有两个来源2023-07-136回复展开 1 条回复""},{""revie"":""网约车女司机小肚腩肚子大，可以搭配什么2024-01-09赞2走走Crystal作者陈皮配赤小豆薏米2024-01-10赞回复展开 1 条回复""},{""revie"":""庭想去苹果花园的一天正常可以喝吗2023-08-14赞2走走Crystal作者可以偶尔 不要天天喝2023-08-14赞回复展开 1 条回复""}]",488,走走Crystal
1749266840-24,https://www.xiaohongshu.com/search_result?keyword=%25E5%2581%2587%25E9%2599%2588%25E7%259A%25AE&source=unknown,第十期 · 每天认识一味中草药 | 陈皮,https://sns-webpic-qc.xhscdn.com/202506071125/9cc525fb50ef2bee7c8a3a8655374a2a/spectrum/1040g0k030q9gkuuq7c005p92avo8ssmhk2meqbo!nc_n_webp_mw_1,,https://www.xiaohongshu.com/search_result/652ce814000000001f006f66?xsec_token=ABXywIiEsTzf75015w6_J1E_6tvrxycUj6qorWZDYvTes=&xsec_source=,"??陈皮气香，味苦，性温，归肺脾经，主要功效是理气健脾、燥湿化痰。可以用于缓解腹胀，食欲不振，咳嗽，痰多等症，适用于脾胃虚弱和痰湿较盛的人群。?
??别名：又称橘皮
??性味归经：苦、辛、温，归脾、胃、肺经。?
??功效：
【1】健脾理气：陈皮有温中健脾的作用，能够帮助消化、改善食欲不振和脾胃虚弱等问题。?
【2】 理气消食：陈皮具有行气消食的功效，能够缓解胃脘胀满、食欲不振等症状。?
【3】祛痰止咳：陈皮还有祛痰止咳的作用，对于咳嗽、痰多等症状有良好的疗效。?
?????
【1】孕妇禁用???????
【2】内热气虚、燥咳，出现咳血的时候，也应该忌用陈皮，因为陈皮燥性比较强，不能用于燥热的咳嗽。?
【3】陈皮药性是温的，而且具有一定的燥性，因此陈皮泡水有实热证的病人慎用
(出现舌头红、唾液少、口干、咽干、口干等病症的病人，就是有实热者，应该慎用)?
???
??【如何挑选陈皮】??
??外观：-般十年以上的陈皮,内囊开始有浮松脱落情况(大红皮早于青皮脱落)，呈立体感,这属于正常的现象。出现内囊不但没有脱落迹象,反而是更显光滑紧致的原因,多为泡水/人为加快陈化湿仓保存后再烘干所致。这跟泡水后晒干的纸皮变结实是一个道理。 而且颜色太黑，这也是不正常的。?
??产地：选陈皮首先要先从产地开始，选择正宗的新会陈皮，外地皮价格便宜, 但功效全无。再由气味分辨，因为随着年份的增长,新会陈皮挥发油成分的含量在3年内随着时间增长而增长，还会出现一些新的成分，气味也由青涩的果香味演变为陈皮特有的陈香味，用在做汤.上香气更为明显;陈皮具有三种气味(香、陈、醇)。?
想了解不同体质用什么搭配陈皮，可以在下方评论留言，我会给你解答。
??秋季润燥茶| 菊花陈皮茶
?秋季气候干燥，容易口鼻干燥、皮肤干燥，此季节喝茶以补肺润燥为宜，可经常泡些和中开胃、润燥去火的茶代水。??
??用料
陈皮? ? ? ? ?2/3个
菊花? ? ? ? ? ? 6克
冰糖? ? ? ? ? ? 5克
清水? ? ?1升左右
?菊花和陈皮冲洗干净，陈皮可切丝或整一块
?放入养生壶茶隔内
?选花草茶模式煮至沸腾后加入冰糖焖10分钟
#养生日常??#中草药??#全民学中药??#陈皮??#新会陈皮??#健脾祛湿??#健脾养胃??#脾胃??#每天认识一味中药材??#养生茶??#中医养生??#干了这杯养生茶??#滋补养生??#食疗养生??#养生女孩??#秋季养生","[{""revie"":""笑着面对每一天??家里面的陈皮，没有添加任何防腐剂，谁要2024-06-24913??我2024-07-241回复展开 12 条回复""},{""revie"":""WKY5岁日常调脾胃的话 搭配什么一起喝比较好？ 有过盗汗和便秘的情况2023-10-2882食宝养生作者小孩子的话，建议去医院，剂量掌握不好的话，可能会起反效果2023-10-284回复展开 1 条回复""},{""revie"":""洁胆囊息肉可以喝陈皮吗？2023-10-2632食宝养生作者治病的话，要去医院开方子哦2023-10-284回复展开 1 条回复""},{""revie"":""乐悠帮我看看这是真的陈皮吗2024-06-0316Lychee假的2024-06-043回复展开 5 条回复""},{""revie"":""Elaine今天在中药市场买的，不知道怎么样，反正味道很香2024-12-22赞51111111看图是湿皮2024-12-242回复展开 4 条回复""},{""revie"":""窜天猴儿痰热的人适合吗2023-10-2821食宝养生作者可以配菊花2023-10-303回复""},{""revie"":""奶糖??帮我看看这个成色怎么样2024-10-3013?? 鱼不怎么样，假的2024-12-021回复展开 2 条回复""},{""revie"":""俪娟（大成拳站桩）这个是不是十年，新会？2024-06-18赞2俪娟（大成拳站桩）2024-06-18赞回复展开 1 条回复""},{""revie"":""波爸陈皮一次用量多少克2024-05-2221A led Hison一片直接煮水喝就好了 要看陈皮好不好2024-07-132回复""},{""revie"":""贝贝可以帮我看看这个陈皮怎么样吗02-27赞1贝贝02-27赞回复""}]",1239,食宝养生
1749266849-26,https://www.xiaohongshu.com/search_result?keyword=%25E5%2581%2587%25E9%2599%2588%25E7%259A%25AE&source=unknown,越买越多的陈皮,https://sns-webpic-qc.xhscdn.com/202506071125/adde4ad81feaa23dfbb36d353f45547a/1040g00831bh244jfgu00401p3f066950fts7bso!nc_n_webp_mw_1,,https://www.xiaohongshu.com/search_result/6761a90c000000000b021f70?xsec_token=AB9AVTzn_kNKWvDupNwViGPFWCePA30QXnyDbMpJi8hSQ=&xsec_source=,"新皮从200一斤买到1200一斤
期待转化
#陈皮","[{""revie"":""??薯条加大加加大作者江门本地人，真皮假皮分得清。200的我能欣赏，1200的我也觉得有她的价值，不欢迎拉踩置顶评论2024-12-1888小玲子欣赏你！我觉得其实可以买不同的产区，品种自己对比的。2024-12-21赞回复展开 7 条回复""},{""revie"":""一只鲜橙??1200一斤的是什么品种我买的东甲水也就4702024-12-18219麦冬的分享梅江塞口2024-12-18赞回复展开 18 条回复""},{""revie"":""晓熙熙~请问这个是真的嘛，3年陈2024-12-28赞9??薯条加大加加大作者看起来觉得挺好，喝一下不苦不涩不酸就行记得煮完第一遍倒掉2024-12-28赞回复展开 8 条回复""},{""revie"":""momo麻烦可以看看是新会陈皮吗，2019年天马冬后01-08赞8??薯条加大加加大作者内囊好像不太对劲的样子01-08赞回复展开 7 条回复""},{""revie"":""六月怎么保存呢2024-12-18赞8??薯条加大加加大作者保持干燥，潮湿天密封，北风天多通风，软了就晒一下2024-12-18赞回复展开 7 条回复""},{""revie"":""紫色葡萄200左右的可以推荐一下店铺吗姐妹2024-12-29赞7??薯条加大加加大作者自己摘的没店铺三百多的有店铺2024-12-29赞回复展开 6 条回复""},{""revie"":""好好造园人请问图一金属桶装的是多少一桶01-07赞6??薯条加大加加大作者有大小桶的01-07赞回复展开 5 条回复""},{""revie"":""ling咩～东甲的皮我觉得胜过梅江，很推荐你去喝下东甲的2024-12-1814??薯条加大加加大作者东甲皮我也有的，家里人有自己存的十年东甲皮，现在尝尝别的地方的2024-12-18赞回复展开 3 条回复""},{""revie"":""momo慕了慕了，我现在还处在几百一斤的阶段不会买，也不懂看，买贵的怕被坑，斤价几百的存坏了也不心疼2024-12-1814??薯条加大加加大作者打理很麻烦，可以先试一年明年再多买2024-12-18赞回复展开 3 条回复""},{""revie"":""Abby第三年的大红皮长虫了，十分奔溃2024-12-23赞3??薯条加大加加大作者要多检查，大红皮好难存，要精心伺候2024-12-23赞回复展开 2 条回复""}]",57,??薯条加大加加大
1749266859-28,https://www.xiaohongshu.com/search_result?keyword=%25E5%2581%2587%25E9%2599%2588%25E7%259A%25AE&source=unknown,新会陈皮：从采收到陈化的核心工艺,https://sns-webpic-qc.xhscdn.com/202506071125/4cfbe7a4bd88ec1ce165f778f5d08e7d/notes_pre_post/1040g3k031hb6cqnf3a5g5pvkd6hj9elo991a53g!nc_n_webp_mw_1,,https://www.xiaohongshu.com/search_result/682086f7000000002301f240?xsec_token=ABZjHfPfzXwwthz7S4hqswK9z-1oxEA3WzU5GDlfnyQ7o=&xsec_source=,"??陈皮制作遵循自然陈化之道，以传统工艺打造出独特风味与功效，其核心流程如下：
- 1?? 取皮脱水：运用“两刀三瓣”技法，精准将柑皮从果肉上剥离，随后将柑皮静置4-5小时。在这一过程中，柑皮自然脱水，逐渐萎缩，为后续处理奠定基础。
- 2???翻面晾晒：手工将柑皮翻转，使白色内表面朝上，放置于干燥、通风且阳光充足的场地，让其自然风干。此步骤充分借助阳光的力量，保留柑皮天然的成分与香气。
- 3??仓储陈化：将风干后的柑皮装入麻袋、草袋等透气性良好的包装，置于干燥仓库保存。尤其在梅雨季节，需加强防潮措施，防止受潮霉变。正宗陈皮需历经至少三年自然陈化，方可成其风味与价值，不可急于求成。#陈皮 #新会陈皮 #新会陈皮科普 #陈皮制作 #陈皮制作过程 #陈皮知识 #爱如陈皮愈久愈珍 #手工制茶人 #记录吧就现在","[{""revie"":""Risk05-21山东赞回复""},{""revie"":""双体系-悦昇三部学到啦05-21重庆赞回复""},{""revie"":""烂梗dd05-20广东赞回复""},{""revie"":""知心姨的碎碎念念好东西05-18广东赞回复""},{""revie"":""小心（手帐版）05-18江西赞回复""},{""revie"":""??酷帕麻麻的日记(装修中)11105-15广东赞回复""},{""revie"":""跃丰阁看着很不错哦05-15河北赞回复""},{""revie"":""三三什么时候暴富dd05-15山西赞回复""},{""revie"":""杜杜不错嘛05-15上海赞回复""},{""revie"":""可妮熊s05-15云南赞回复""}]",85,陈皮老农
1749266883-33,https://www.xiaohongshu.com/search_result?keyword=%25E5%2581%2587%25E9%2599%2588%25E7%259A%25AE&source=unknown,新会陈皮,https://sns-webpic-qc.xhscdn.com/202506071125/302fdb6bc705370f269725fe98766afa/1040g00830sqkrm96k2005nb9uau09811df4pqq0!nc_n_webp_mw_1,,https://www.xiaohongshu.com/search_result/657ff4b4000000003a00d9ce?xsec_token=ABoncTpCH_MzSs_Rl40w9ZD7LGIvtsfaZz6CzgGrUpK08=&xsec_source=,"陈皮【chen pi】
别名：橘皮，陈橘皮，广陈皮，新会皮
英文名: Citri Reticulatae Pericarpium
主要功效：理气健脾，燥湿化痰。
新会陈皮，广东省江门市新会区特产，中国国家地理标志产品。
新会陈皮柑（茶枝柑）最神奇之处，在于“长皮不长肉、皮甜肉不甜”。自古就“精华在皮”、“皮贵肉贱”。两宋以来，新会人即“种柑取皮”。果皮甘甜醇香，“果肉干涩，不堪食之”。清代大医师叶天士所开的药方“二陈汤”，特别写明“新会皮”。新会陈皮具有很高的药用价值，又是传统的香料和调味佳品，所以向来享有盛誉，早在宋代就已成为南北贸易的“广货”之一，行销全国和南洋、美洲等地区。
#茶饮 #新会陈皮 #正宗新会陈皮 #茶知识 #新会陈皮科普 #陈皮 #养生#药食同源 #陈皮功效#小红书成长笔记","[{""revie"":""clouolc您好！图可以借用吗？非商用02-15赞2茶小仚作者可以02-15赞回复展开 1 条回复""},{""revie"":""流先生小浩（茴主页大号）这不是橘子皮吗？2023-12-19赞1茶小仚作者新会陈皮2023-12-191回复""},{""revie"":""茶小仚作者根据自己的情况适量饮用2023-12-181回复""},{""revie"":""Souling情歌?@中榕新会?2024-10-18赞回复""}]",180,茶小仚
1749266898-36,https://www.xiaohongshu.com/search_result?keyword=%25E5%2581%2587%25E9%2599%2588%25E7%259A%25AE&source=unknown,橘子皮和陈皮，你会区别吗,https://sns-webpic-qc.xhscdn.com/202506071125/8fcf3268e61d3523244e52af35548a8b/1040g2sg3199ruirhku705pmpijn7e33rebf44dg!nc_n_webp_mw_1,,https://www.xiaohongshu.com/search_result/6718c23e000000001600d545?xsec_token=ABBtX5C416qyUHGgGIaUaUlxzPYB3h1mlBhh2KlXj-qLo=&xsec_source=,#新会陈皮 #真假辨别 #陈皮 #干货分享,"[{""revie"":""雨过天晴（达）05-17四川赞3晴儿科普作者橘子皮05-17广东赞回复展开 2 条回复""},{""revie"":""麦乐鸡老师能帮我看看我这个对不对吗？02-15赞1晴儿科普作者同学，这几片明显不是陈皮，从皮质，颜色，都是明显的水果皮染色做旧，他是标什么年份02-151回复""},{""revie"":""雨过天晴（达）老师，帮忙看看，我这些有陈皮吗05-17四川赞回复""}]",47,晴儿科普
1749266903-37,https://www.xiaohongshu.com/search_result?keyword=%25E5%2581%2587%25E9%2599%2588%25E7%259A%25AE&source=unknown,陈皮的真实年份怎么判定？教你快速分辨??,https://sns-webpic-qc.xhscdn.com/202506071125/8926e256b84e983da165d766ba0b466b/1040g2sg30s64nrq3io004bcbla47iiavf7jt188!nc_n_webp_mw_1,,https://www.xiaohongshu.com/search_result/656af5c7000000003c013c94?xsec_token=ABHyklNxi2XQwjRSSCFLA21b8Z-mv_GnqD3Fml1KxNHH8=&xsec_source=,"新会陈皮历史有数千年之久，在民间素有一年新、三年陈、六年和、九年药的说法，不同年份的陈皮不仅在气味 、香气和回甘都有差异，那么不同年份的陈皮有什么区别呢？
【3年皮】
√皮质厚实呈猪须纹，内囊淡黄色，带刺鼻香气，茶汤有果酸香甜味，适合做菜品；
【5年皮】
√皮质偏厚，内囊呈浮松的浅黄色，茶色青黄，适合消化能力弱的人群；
【15年皮】
√皮质轻薄，内囊脱落呈土灰色，茶色呈黄红色，清香扑鼻，醒神怡人，是泡茶饮的佳品；
【20年皮】
√皮质轻薄易碎、多有虫眼，内囊风化剥落，茶汤色如琥珀，陈香醇厚，有老药材的味道，更为平和，梳理气机 ，适合药用；
#陈皮年份#陈皮区别#新会陈皮#陈皮知识#养生 #中医养生 #陈皮功效#新会陈皮科普","[{""revie"":""迷失香这是不是工艺皮2023-12-09414兰兮Lancy作者是2023-12-091回复展开 13 条回复""},{""revie"":""ly大家可以帮我看看么，说是新宝堂 15年品种大红皮，泡的水不是很黄，不知是不是放少了，我只丢了一瓣2024-11-02赞8ly2024-11-021回复展开 7 条回复""},{""revie"":""天然藤艺请问我这个是什么陈皮01-08赞5天然藤艺回复 柑源美新会陈皮 : 啊，那能吃吗02-15赞回复展开 4 条回复""},{""revie"":""淡淡的月光可以帮忙看看吗？2024-11-10赞5淡淡的月光2024-11-10赞回复展开 4 条回复""},{""revie"":""K_0802_Y商家非说这是五年的01-18赞4陈皮Vicky02-23赞回复展开 3 条回复""},{""revie"":""隔壁刘哥哥2024-10-31赞3隔壁刘哥哥2024-10-31赞回复展开 2 条回复""},{""revie"":""季三岁是小趴菜博主 博主这皮咋样呀2024-04-0922懒是一种情绪感觉跟我的好像是东甲嘛2024-04-13赞回复展开 1 条回复""},{""revie"":""YUKI这个是工艺皮吧，号称20年，苦是苦的了01-10赞2?小妞假01-11赞回复展开 1 条回复""},{""revie"":""ManTang可以幫忙看看嗎？香港買的2024-11-19赞2ManTang2024-11-19赞回复展开 1 条回复""},{""revie"":""alisa老师，帮忙看看这个，说是15年的新会东甲，是嘛2024-11-02赞2alisa2024-11-021回复展开 1 条回复""}]",371,兰兮Lancy
1749266913-38,https://www.xiaohongshu.com/search_result?keyword=%25E5%2581%2587%25E9%2599%2588%25E7%259A%25AE&source=unknown,如何辨别陈皮！！陈皮小白进来！,https://sns-webpic-qc.xhscdn.com/202506071125/fe3940e9af52a324036df5993c6a32ff/1040g00830rnkhr1m2g6g5oivgcqk1vk8tiosak8!nc_n_webp_mw_1,,https://www.xiaohongshu.com/search_result/655c1b6d000000001b03488f?xsec_token=ABzahZaYBdphczN1dXHBsXMWj3P9yqRw0efSFroxawAFo=&xsec_source=,"我喝陈皮也有三年了，跟大部分人差不多刚开始买陈皮直接去超市买了，还有去菜市场买，煮出来的水都是苦的，那时候不懂还觉得是正常现象，宽慰自己说虽然不好喝但是可以养生。在小红书刷到教如何辨别陈皮，才知道这种叫工艺皮。后来又去另外几家超市买菜的时候都去看了下，基本上都是外表黑黑的而且很多都是碎的
.
以下是个人见解，供大家参考：
?不要买超市的陈皮，超市的陈皮大多数都是橘子皮晒的要么就是纯纯工艺皮，去摸一下超市那些陈皮就知道了，特别薄，而且有些皮黑黑的内囊脉络都看不清。
?买陈皮不要想着便宜是好事，贪便宜你就中圈套了，拼夕夕几十块钱一斤的五年陈皮那种，千万不要信，先撇开陈皮的晾晒采摘陈本不说，年份越高的陈皮越不便宜。
?如果想花少钱买到好陈皮，先学会陈皮辨别陈皮或者找那种可以试喝的，可以先领个试喝装，喜欢再买。毕竟谁的钱也不是大风刮来的
所以喜欢陈皮的姐妹们还是要学会辨别哦！
#不懂就问有问必答 #鉴别陈皮 #新会陈皮 #辨别陈皮 #陈皮 #养生 #干了这杯养生茶","[{""revie"":""娇娇呀～作者@书一干仓陈皮置顶评论2024-03-06赞1娇娇呀～作者我喝的陈皮是这家的2024-03-061回复""},{""revie"":""陶不咖啡小助理你好，我这个是真的吗，买的五年，谢谢2024-05-10赞7娇娇呀～作者这样看还是不错的，你拿出来拍看看2024-05-10赞回复展开 6 条回复""},{""revie"":""常言笑帮忙看看，谢谢2024-03-30赞6娇娇呀～作者你这个看起来有点工艺，喝起来会苦吗2024-03-30赞回复展开 5 条回复""},{""revie"":""mmmeee能帮忙看看吗？说是12年的01-07赞2娇娇呀～作者看着油包不错 但不太像12年的01-07赞回复展开 1 条回复""},{""revie"":""森这种可以吗2024-08-02赞2娇娇呀～作者看着不错2024-08-02赞回复展开 1 条回复""},{""revie"":""星期八为什么我的喝起来有微微苦.大红皮.2024-02-29赞2娇娇呀～作者会不会放的有点多2024-03-01赞回复展开 1 条回复""},{""revie"":""簡陈皮发个链接呗2023-11-27赞2娇娇呀～作者2024-02-031回复展开 1 条回复""},{""revie"":""momo可以帮我看一下嘛谢谢2024-05-08赞4momo2024-05-08赞回复展开 3 条回复""},{""revie"":""小红薯6792582B好多人不懂的就会去超市买新会陈皮2023-11-2111娇娇呀～作者尤其是超市散装 不要去买！2023-11-21赞回复""},{""revie"":""想一下叫什么名字好呢？宝子，发一下链接呗2024-03-29赞1娇娇呀～作者2024-03-30赞回复""}]",79,娇娇呀～
1749266960-43,https://www.xiaohongshu.com/search_result?keyword=%25E5%2581%2587%25E9%2599%2588%25E7%259A%25AE&source=unknown,一看就会！不同年份陈皮的鉴别,https://sns-webpic-qc.xhscdn.com/202506071125/4ae20ceacb44292ffb03b356dc56b3ed/1040g00831h13ibtrja5g5n1ircghe3lsjc5l1s8!nc_n_webp_mw_1,,https://www.xiaohongshu.com/search_result/6815ee8c00000000230103a5?xsec_token=ABjl57McJH2hkvCedyUpmkj8js1nXBFppJGj0i9b3zU_w=&xsec_source=,"宝子们，是不是在买新会陈皮时，总被年份绕得晕头转向？别愁！今天就来分享一个超实用的鉴别小技巧，让你轻松看透不同年份陈皮的“真面目”，再也不怕踩坑啦～
	
我特意整理了一张对比图??，直观呈现5年、8年、10年、15年新会陈皮的外观差异！从内囊颜色变化、不同气味到质感触感，3大维度帮你快速get鉴别要点?
一看就懂的实用指南，新手也能秒变“鉴皮小能手”～
	
以下是五年、八年、十年、十五年新会陈皮的简要分辨要点：
	
??五年陈皮#5年陈皮
	
- 颜色：外皮浅棕色，内囊泛黄带白，轻微脱落。
	
- 香气：柑香为主，略带甘香。
	
- 质感：皮身较干燥，轻微蜷缩。
	
??八年陈皮#8年陈皮
	
- 颜色：外皮深棕偏褐，内囊泛黄明显，脱落增多。
	
- 香气：柑香减弱，陈香渐显，带淡淡药香。
	
- 质感：皮身更轻，纹理清晰，略脆。
	
??十年陈皮#10年陈皮
	
- 颜色：外皮棕褐色，内囊棕黄至浅红，脱落明显。
	
- 香气：陈香浓郁，药香突出，无鲜果味。
	
- 质感：皮质轻脆，油室通透，蜷曲明显。
	
??十五年陈皮#15年陈皮
	
- 颜色：外皮深褐近黑色，内囊呈土灰色，大面积脱落。
	
- 香气：陈香醇厚，药香/木香显著，无杂味。
	
- 质感：皮轻如纸，易碎，油室干瘪，自然风化痕迹明显。
	
??核心区别：随年份增加，颜色越深、内囊脱落越多、香气越偏陈香/药香，皮质越轻脆干燥。#陈皮 #新会陈皮 #滋补养生 #爱如陈皮愈久愈珍 #陈皮科普 #陈皮知识","[{""revie"":""东京小丸子我这是正宗15年新会陈皮么05-17江苏赞1柑来陈好事（柑小铺）作者私你了05-17广东赞回复""},{""revie"":""爱吃麦麦脆汁鸡老师帮忙看看这个是不是正宗新会10年陈皮05-04赞1柑来陈好事（柑小铺）作者私你了05-05赞回复""}]",20,柑来陈好事（柑小铺）
1749267008-47,https://www.xiaohongshu.com/search_result?keyword=%25E5%2581%2587%25E9%2599%2588%25E7%259A%25AE&source=unknown,盒马的陈皮能不能买？,https://sns-webpic-qc.xhscdn.com/202506071125/0384ac8b206e2092bd97f54c7737a311/1040g008315mv48f20m605pjl4aogu7n6a0kksd8!nc_n_webp_mw_1,,https://www.xiaohongshu.com/search_result/66a319b7000000002701053d?xsec_token=ABh_vneApn0BRbXT9WkCzf78a6U9ThJycHmx0pQmyKp0E=&xsec_source=,玩了六年的陈皮，也算是个老玩家了，今天去盒??马溜达买菜，看到这个，血压都上来了，到底是他家采购不懂还是把消费者当小傻瓜呀#陈皮 #陈皮白茶 #盒马 #陈皮知识#养生 #泡水,"[{""revie"":""被嗦过的芒果核作者宝子们，如果大家有买了陈皮不知道如何辨别真假的，可以找我测评一下置顶评论2024-12-11612本觉亲 为何觉得陈皮有一股机油味道呢   就是淡淡的  掺杂在里面 是久了会出油脂的那种味道吗2024-12-211回复展开 11 条回复""},{""revie"":""momo吧（出熊工艺皮 在广东这边 很便宜的2024-08-0380774用户已注销能不能推荐下广东人哪里买皮2024-08-05165回复展开 73 条回复""},{""revie"":""三十是个耶我们北方人肯定不懂这个。我有的时候还专门去盒马买 2024-08-0411817被嗦过的芒果核作者我也喜欢去盒马，但是看到这个皮以后真的很失望2024-08-0953回复展开 16 条回复""},{""revie"":""黄胖墩??家里自晒十年的和6年的，还有挺多5年左右的最近晒的我皮都脱了，我感觉啊，陈皮贵是在于时间的沉淀回陈，和这些年每年拿出来复晒的过程，不是我爸老拿去招待客人喝了，我都不舍得喝一点，我妈更过分，喜欢拿10年的去做菜2024-08-0913869momo请问需要每年打开晒吗？2024-08-0918回复展开 68 条回复""},{""revie"":""奈斯??都是被炒的，这玩意，制作工艺简单量又大2024-08-1110732不知名奇魔我也疑惑：这玩意儿卖的这么贵，扩大产能很难吗？2024-08-11146回复展开 31 条回复""},{""revie"":""小??我这个呢2024-11-15赞6被嗦过的芒果核作者丝我看一下内囊2024-12-17赞回复展开 5 条回复""},{""revie"":""Tantan0-我这个是不是明显工艺皮了2024-08-23赞12momomomo????我感觉不真2024-08-244回复展开 11 条回复""},{""revie"":""皓宇真假03-02赞5被嗦过的芒果核作者能不能拍干皮03-03赞回复展开 4 条回复""},{""revie"":""呆呆兽这种是真的吗？2024-10-19赞6呆呆兽2024-10-19赞回复展开 5 条回复""},{""revie"":""Raincoli我家的十九年梅江皮~自己晒的，本地人家家户户都不要出去买陈皮，家里总有一点自己的陈皮。2024-09-2325荔枝兔??姐姐分享怎么晒呀2024-09-241回复展开 4 条回复""}]",1237,被嗦过的芒果核
1749267025-48,https://www.xiaohongshu.com/search_result?keyword=%25E5%2581%2587%25E9%2599%2588%25E7%259A%25AE&source=unknown,被学医舅舅骂醒了，千万别长期无脑喝陈皮,https://sns-webpic-qc.xhscdn.com/202506071125/87913ca8a871a82aa2abaf608349f419/1040g00831hrplpin3u705ps63r023719cn7gig0!nc_n_webp_mw_1,,https://www.xiaohongshu.com/search_result/683143100000000022004d8d?xsec_token=ABUdEKE7OIAM-a4QsNR9-7cpz1cnmjyiCD_7BKOmUaIME=&xsec_source=,"大家都知道陈皮是很好的滋补品，但是我发现很多人都吃错了，陈皮价钱不便宜，吃错了白白浪费钱不说，严重的还可能伤及身体
-
?先说说我犯过的错，你们看看自己中招没：
1? 我之前都是烧开水直接泡，舅舅说喝之前要醒皮，因为陈皮在多年晾晒和陈化过程中，表面会有很多杂质
2? 我以前喜欢早上空腹喝，觉得特别提神...结果舅舅说这样特别伤胃！要吃完饭过1小时再喝
3? 我经常一瓣陈皮泡一整天，舅舅说这样不行！煮好的陈皮捞出来，下次煮的时候再加水，不能一直泡着，一瓣好的陈皮可以反复煮8-10次
4? 我还喜欢加绿豆一起煮，舅舅直接说这是""自s式搭配""...陈皮和绿豆相克，要间隔2小时才能吃
-
??舅舅教我的正确喝法：
1? 选陈皮要认准新会产的，口感营养什么的 一线产区＞二线产区＞三线产区
2? 注意陈皮和水的比例以及煮的时间
一般一小瓣陈皮，加水300ml就行，可以根据自己的口味调整
?煮的时候要留意一下，表皮要朝下。让油包和沸腾的水直接接触，激发挥发油的香气。
3? 每一壶陈皮煮好的水都要出尽
我们可以倒到一个大容量的杯中，留着慢慢品饮，因为如果停留在水中超过20分钟就会出现苦味了
陈皮有条件尽量煮（看产区/价格/年份），让身体去感受它，别人无法代替。无论新皮旧皮 ， 都比较讲究方法（比茶叶，更讲究）。方法简单概括下（茶水比例为1:50，如果一片皮即3瓣皮，加水约350毫升~450亳升，如果一瓣皮即1/3片皮，加水约150毫升~180亳升，如果一个人喝，用1/3片即可）: 洗皮（醒皮）→煮皮→反复煮皮→煮到6~10泡每泡煮的时间适当加多15~30秒（在上一泡基础上）; 开水煮4分钟（冷水煮，水沸后继续煮4分钟）。看汤色，试口感【口感，分热饮和冷饮法（放凉20分钟后饮）】，第一次煮（想鉴别的），要单独，不要搭配其他茶，喝原味。
??小tips：
- 别贪便宜买便宜的陈皮，效果什么的先不说，喝到工艺皮那就得不偿失了
- 每周喝3-4就够了，天天喝反而不好
- 放在密封罐里保存，潮湿了容易发霉#陈皮 #陈皮苹果水 #新会陈皮 #养生茶 #中药养生 #干了这杯养生茶喝出好气色 #养生内调茶 #爱如陈皮愈久愈珍 #滋补品 #陈皮白茶 #陈皮功效 #滋补养生","[{""revie"":""静静想养生陈皮推荐一下呗，老买到假的2天前山东11八方来财??作者@云瑶茶庄 她家的，我喝这个老板家挺长时间了，皮挺不错的2天前山东2回复""},{""revie"":""Jessica爷爷也这样说 舅舅也这样说昨天 23:47四川赞回复""},{""revie"":""对症下药.一2天前安徽赞回复""}]",74,八方来财??
1749267042-49,https://www.xiaohongshu.com/search_result?keyword=%25E5%2581%2587%25E9%2599%2588%25E7%259A%25AE&source=unknown,血泪教训?希望大家都不要再踩坑了,https://sns-webpic-qc.xhscdn.com/202506071125/e57bd5dd2cf03c417e4a3a133d2cb231/1000g0081ju7k31mak0005n3gr0bkak61va3g7v0!nc_n_webp_mw_1,,https://www.xiaohongshu.com/search_result/6378b179000000000e00c07c?xsec_token=ABmm_Z1VCv9Q2NLXycP8_nGahhudjBdAUjcIU96kCd5yA=&xsec_source=,"周末去看爷爷，我竟然在柜子里发现了工艺皮？？我一整个就是大震惊的状态，爷爷说是亲戚送给他的。工艺皮喝了对身体没有任何好处，甚至还会影响身体健康，幸好爷爷没舍得喝。跟爷爷说是假的让他扔了他还舍不得然后我拿罐好的给他换过来了
·
我相信大部分喝陈皮的新手小白都买过市面上的造假陈皮吧？我喝陈皮差不多五年了，给大家分享一点小知识和小经验，希望大家买给自己喝或者送礼的时候不会搞出大乌龙
·
??新会陈皮造假主要有3种情况：
1?年份造假，例如把12年的皮当做15年的皮来卖
2?人为做旧，用机器来烘烤陈皮或者使用药水来让陈皮的颜色变深，给人一种是老陈皮的感觉。这个做法的陈皮称之为工艺皮，表皮发黑，内囊紧贴，闻起来有一股糊味，喝起来也很苦，我爷爷家那罐就是这样的，一眼假
3?产地造假，大家都知道一线产区的新会陈皮比较贵，不良商家就会拿别的产区的来冒充
·
??要怎样选新会陈皮？
1?认准一线核心产区，口感相对来说比较香甜，自己喝或者送朋友都不错
2?日常喝以大红皮为主，要注意的是：只有陈化3年以上的陈皮，才具备新会陈皮的功效。3-5年的陈皮适合入膳，5-10年的陈皮适合日常饮用，10年以上的陈皮比较适合养生
3?正常来说不要去超市和药房买陈皮，超市的一般是九制陈皮，没有陈皮功效；药房的一般不是正宗的新会本地皮，品质说不上好
·
大家刚开始买陈皮的时候最好挑选能试喝的，慢慢寻找靠谱商家。当然最重要的还是要多学习一些有关陈皮的知识，才会减少踩坑的机率
#新会陈皮 #陈皮知识 #陈皮辨别","[{""revie"":""爱喝冰可乐可以推荐下陈皮吗置顶评论2024-07-30赞1陈优秀作者@书一陈皮 这个果农的还不错2024-07-30赞回复""},{""revie"":""清风我把我的陈皮藏起来了，连我自己也找不到。找到的时候就是货真价实的陈皮了。2022-11-20157逍阙居品可别，你别找到的时候虫蛀完了。2022-11-208回复展开 6 条回复""},{""revie"":""Perla-wen zhen就算是新会的也分产地，就算是同产地，也分原枝驳技，就算是原枝也分级，就算同级也分季节，好的陈皮不一定适合普通人收藏，真正适合收藏的你们可能又嫌不够好2022-11-2057小简爱喝汤还分树的方向，大年和小年，还得看当面天气。。2022-11-203回复展开 6 条回复""},{""revie"":""刁蛮公主爱生活不去药房和超市不能买，那还能去小商贩手里买？哪里买能买到真品呢？2022-11-2032陈优秀作者我都是在新会当地果农那里入的2022-11-212回复展开 1 条回复""},{""revie"":""事教人一次就会听说陈皮老值钱了年份越久越好，有没有懂得多说几句好奇！2022-11-2016笙歌早几年拍卖，30年老皮，2两，11万2022-12-11赞回复展开 5 条回复""},{""revie"":""zx欣欣那应该怎么区分呢2022-11-20赞6笙歌陈皮储存因为每年都要拿出来晒晒太阳，慢慢的它内壁的白囊会一点一点掉，然后那个透光的我们本地称为油室，随着时间推移，它会干，也会变轻，所以我们带别人买我们村的陈皮的时候首先会刮内壁内壁还是白或者厚的肯定年份不久，其次是用指甲掐一下油室，还有油流的绝对不会超过5年。还有真正的老陈皮外皮也不会特别黑，如果外皮如同酱油色，那么它是烧皮了，是指储存温度过高导致油室的油把皮炸了，这种皮药用价值没那么高，但是泡茶喝会更好喝2022-12-132回复展开 5 条回复""},{""revie"":""三至我们买的同一家陈皮哎，我妈还给我囤了好多做嫁妆，好好喝2022-12-0712回复""},{""revie"":""三川麻我买的淘宝新宝堂的陈皮   这个牌子怎么样？2022-11-2724也要富贵呀我也想知道2022-12-01赞回复展开 3 条回复""},{""revie"":""叶佳佳有高手能帮忙看一下嘛2023-07-20赞3叶佳佳2023-07-20赞回复展开 2 条回复""},{""revie"":""翔浩鱼胶干货那种工艺皮市场越来越少了，属于被淘汰的工艺，现在新工艺高明多了几乎认不出来了2022-11-194回复""}]",355,陈优秀
1749267061-50,https://www.xiaohongshu.com/search_result?keyword=%25E5%2581%2587%25E9%2599%2588%25E7%259A%25AE&source=unknown,陈皮小课堂（二）陈皮常见四种造假方式,https://sns-webpic-qc.xhscdn.com/202506071125/6e52415a0bff65c635a90ae833f4b8dc/c4be84d2-c716-37b7-a190-0139983ab221!nc_n_webp_prv_1,,https://www.xiaohongshu.com/search_result/60c5d072000000002103d771?xsec_token=ABUZSqQFp-1z5UiQPYWl4TX64mR_cPFtI-ChMZKQhlBMI=&xsec_source=,"陈皮虽贵，但因为有利健康，所以让大家都纷纷收藏，但是也出现了各式各样的问题陈皮，以下几种造假陈皮，供大家参考：
（1）品种造假：橘皮：新会陈皮是【茶枝柑】的果皮，经过陈化而得，并非所有柑橘类的果皮都适合做陈皮，普通橘皮干燥陈化后，没有太大的药用价值。

（2）产地造假：外地皮：陈皮以新会产区为最佳，药用价值最高，而新会产区非常小，产量十分有限，根本供不应求，市场上百分八十以上都是外地陈皮，比如广西、湖南等地的，其油性和药用价值都比较一般。
（3）年份造假：发酵皮，这类陈皮是用新皮反复加湿烘干制得，并非自然陈放，存放和药用价值极低，且很多不干净不严格的发酵车间，会让陈皮菌群超标，不利于身体健康。
（4）年份造假：染色皮，可能用茶水等物质浸泡染色，颜色乌黑，对身体健康不利。

普及一下：新会陈皮炮制技艺流程包含采摘、开皮、反皮、翻皮、晒制、陈化，形成“三年育苗、三年挂果、三批采收、三个品种、三瓣开皮、三年晒皮、三级分皮、三年陈化、长久贮存”的独具地方特色的炮制技艺，
6月10日上午，国务院公布第五批国家级非物质文化遗产代表性项目名录（共计185项）和国家级非物质文化遗产代表性项目名录扩展项目名录（共计140项），其中，中药炮制技艺（新会陈皮炮制技艺）入选国家级非物质文化遗产代表性项目名录扩展项目名录。","[{""revie"":""汐儿还有烟熏陈皮，药水陈皮吧？2022-04-11赞3听茶赏物 慧恩作者有2022-04-11赞回复展开 2 条回复""},{""revie"":""妃子前三种造假的皮喝了对身体有坏处吗2021-06-1821吃肉胖别人没啥坏处    自己晒得陈皮也很好用2021-08-19赞回复""},{""revie"":""其其格2019年的陈皮是什么价格一斤？2021-07-24赞1听茶赏物 慧恩作者我们家只有2014，2009，2008的，其他有些年份的卖完了，7年以下的暂时没有开仓卖2021-07-24赞回复""},{""revie"":""小顽皮溜溜有的泡了有点苦，会不会是假的呀？2021-06-27赞1听茶赏物 慧恩作者可能性比较大2021-06-28赞回复""},{""revie"":""诚熹滋补（贞贞）你们老扯核心产区，我一新会人就想问问你，新会核心产区是哪里？2021-06-14赞1听茶赏物 慧恩作者中国人就一定懂中医吗？新会人不懂，建议您可以先看下我们的视频讲解一下。2021-06-15赞回复""},{""revie"":""啵啾妈咪亲，邮寄地址？2021-06-141回复""},{""revie"":""joanneclex请问邮寄地址是什么呢？我也想让您鉴定下2022-06-23赞回复""},{""revie"":""tanNice_ic亲！邮寄地址呢！2021-07-08赞回复""},{""revie"":""獨??狼够啰嗦了2021-06-14赞回复""}]",149,听茶赏物 慧恩
1749267107-54,https://www.xiaohongshu.com/search_result?keyword=%25E5%2581%2587%25E9%2599%2588%25E7%259A%25AE&source=unknown,央视曝光??黑心陈皮竟然用硫磺加工??,https://sns-webpic-qc.xhscdn.com/202506071125/945e5d121679660d6d08a9e482391513/1040g00831erftgi7660g5pbpour86ka6bmr7uog!nc_n_webp_mw_1,,https://www.xiaohongshu.com/search_result/67cea5fc000000002803633c?xsec_token=ABmv-gDgxksOWhVX5Oj1LqdQoMxA59vl1iIOzXNOFVO2c=&xsec_source=,"太生气了
大家买陈皮要擦亮眼睛
#养生 #养生茶 #健康养生 #陈皮 #食疗 #滋补品","[{""revie"":""Run蹲链接04-19赞2黄闪闪shine（养生版）作者在审核，等我两天??04-19赞回复展开 1 条回复""},{""revie"":""没想好取什么名儿请问 有链接吗04-13赞1黄闪闪shine（养生版）作者【新会道地】真年份·真皮·2 \n??????这里??????04-21赞回复""}]",13,黄闪闪shine（养生版）
1749267150-57,https://www.xiaohongshu.com/search_result?keyword=%25E5%2581%2587%25E9%2599%2588%25E7%259A%25AE&source=unknown,看过来，教你如何辨别真假新会陈皮？,https://sns-webpic-qc.xhscdn.com/202506071117/1b9b52f6ddc24d3769d39f0e518b2dee/1040g008311k5i5ogn8005o8ilq8g93j4ob8e56g!nc_n_webp_mw_1,,https://www.xiaohongshu.com/search_result/661d2990000000000302379d?xsec_token=ABz3pL6VEoRDx5Za88todZRPEk1pky8ZJs1CV4FSqWOYY=&xsec_source=,"真假陈皮鉴定方法：
1.内囊
真陈皮是自然陈化，所以内囊浮松自然脱落，10年颜色也不会太深，假陈皮是工艺陈皮，它的内囊紧贴外皮，厚厚实实没有浮松状的立体感，且因为被染色，颜色会太深或者不均匀。
	
2.香味
真陈皮有一股淡淡的果香芳香，yao香味，韵味浓郁香甜，甜中带蜜恰到好处假陈皮会有一股刺鼻香精味，闻起来不舒服容易打喷嚏。
	
3.外皮
真陈皮因为是自然生晒，所以外皮猪鬃纹明显，容易看到一点一点的陈皮油包，假陈皮是工艺制品，或烤，或压，甚至还染色，看上去油点不明显，颜色还乌黑。
	
4.手感
真陈皮自然晾晒的原因，摸起来有粗糙的手感，摸起来清脆，纹理清晰，假陈皮被工艺打磨过，摸起来会很光滑。
	
5.打光
真陈皮在自然陈化，陈化过程中内囊浮松自然脱落，打光时很好看，像灯笼，假陈皮是通过工艺制成，未经正常陈化，该松的部分未松，该脱落的部分未脱落，加上表皮被制做过程中烤黑了，所以光照时透光很少，甚至没有。#陈皮鉴定#陈皮 #陈皮功效 #陈皮知识 #新会陈皮 #鉴定 #正宗新会陈皮 #爱茶爱生活","[{""revie"":""小爱可以帮忙看看这个是不是工艺皮吗2024-04-1815陈润茶枝柑-新会陈皮作者单从图片看不像假皮2024-04-181回复展开 4 条回复""},{""revie"":""CAN麻烦帮忙看一下2024-05-1314CAN2024-05-131回复展开 3 条回复""},{""revie"":""猫哥请问我这个是工艺皮吗？2024-05-01赞4陈润茶枝柑-新会陈皮作者看看背面2024-05-06赞回复展开 3 条回复""},{""revie"":""虫儿飞据说是十五年陈的梅江陈皮2024-07-11赞3陈润茶枝柑-新会陈皮作者不像呢2024-07-11赞回复展开 2 条回复""},{""revie"":""静待花开能不能帮我看下，一年新皮，是真的新会陈皮吗？2024-06-03赞3陈润茶枝柑-新会陈皮作者皮色有点出入2024-06-03赞回复展开 2 条回复""},{""revie"":""七姐外贸内衣裤这个怎么样呢能帮忙看下吗？谢谢2024-05-28赞2陈润茶枝柑-新会陈皮作者可以的2024-05-28赞回复展开 1 条回复""},{""revie"":""??这个是啥2024-05-1211陈润茶枝柑-新会陈皮作者必须好2024-05-12赞回复""},{""revie"":""小面条你好，老师，可以帮忙看一下吗？03-02赞1陈润茶枝柑-新会陈皮作者有所保留03-03赞回复""},{""revie"":""??羊咩咩麻烦看下我这个呢2024-05-31赞1陈润茶枝柑-新会陈皮作者油包孔很明显，颜色也不错2024-05-31赞回复""},{""revie"":""莎娃迪卡帮忙看一下2024-05-15赞1陈润茶枝柑-新会陈皮作者不错的2024-05-15赞回复""}]",34,陈润茶枝柑-新会陈皮
1749267169-58,https://www.xiaohongshu.com/search_result?keyword=%25E5%2581%2587%25E9%2599%2588%25E7%259A%25AE&source=unknown,真假陈皮 如何辨别？,https://sns-webpic-qc.xhscdn.com/202506071117/1110e5390e9e5e942c5258b9ededa0b6/spectrum/1040g34o30vv8ltnnls005o8stl70819vnd2n9v0!nc_n_webp_mw_1,,https://www.xiaohongshu.com/search_result/65e6fda30000000003036867?xsec_token=ABU5u07H7GtPmAImPWzm0rcGULFiWCx-XtjhBFmMmSYOk=&xsec_source=,”一两陈皮一两金“？在广东可以当嫁妆 的陈皮究竟怎么选？今天肥妈教你简单四步鉴定好?#陈皮??#避坑指南?不花冤枉钱！?#新会陈皮,"[{""revie"":""唔话你知讲翻广东话啦2024-03-05193舞小家子气……我都能听，没你这么上纲上线2024-03-059回复展开 2 条回复""},{""revie"":""Yi_S@窝努的猫耳朵2024-03-05赞4窝努的猫耳朵好唔慣肥媽講普通話2024-03-054回复展开 3 条回复""},{""revie"":""WSW肥妈，放过我地广州人啦！请讲粤语！2024-03-058回复""},{""revie"":""Andersoncooper肥妈真的好传统好传统的中国人啊！2024-03-057回复""},{""revie"":""圓圓肥媽是感性的，很率直，喜歡看她的節目！2024-03-064回复""},{""revie"":""??BernieCHA?肥妈你都系讲广东话吧2024-03-054回复""},{""revie"":""momo好的不一定是三塊，如果超過10年能保持三塊，只能說沒有多攞出嚟曬，只要攞出嚟曬就有很大機會斷啊2024-03-053回复""},{""revie"":""Vivian??我老公今天下午看到阿妈了！我好激动啊！可惜我不在现场2024-03-052回复""},{""revie"":""油圈子作为纯种新会本地果农，我赌1000块没人能分得出产区，就算我放两个不同产区的柑在他面前他都不可能分的出，只有到现场采摘最靠谱。2024-09-281回复""},{""revie"":""随便叫MOMO肥妈讲白话啦2024-07-041回复""}]",849,肥媽 Maria
1749267220-61,https://www.xiaohongshu.com/search_result?keyword=%25E5%2581%2587%25E9%2599%2588%25E7%259A%25AE&source=unknown,不同年份陈皮有啥区别?几年的陈皮较好喝?,https://sns-webpic-qc.xhscdn.com/202506071117/15dd31f5e3ccbb61f8c560e0e55e81a6/spectrum/1040g0k031c2ih23u16005pr96hnm2lokqr1lsuo!nc_n_webp_mw_1,,https://www.xiaohongshu.com/search_result/6773990e000000000900c694?xsec_token=ABPea7FmZ5zNtlvLik8duOtNZT3Lg-Wpy9VAOBFGS6Iig=&xsec_source=,"??新会陈皮在存储过程中，逐渐褪去了柑果的酸涩味，随着陈化时间的推移，也从果香>陈香>药香的一个变化过程，因此，不同年份的陈皮口感，性能也有所不同，今天我们1次性给大家讲清楚啦！
.
??不同年份的陈皮特点：
3年陈皮：清新柑香味突出，带甜香气息，张扬悠长，入门级新会陈皮。
5年陈皮：柑香逐渐演变成一种甘香、醇香，香味丰富、可用烹饪等日常所需。
8年陈皮：香气浓郁持久，果皮颜色深红褐，皮质更加厚实。
.
10年陈皮：带醇厚的陈香味，足年份的药香味逐渐显露，香气陈实悠长。
15年陈皮：陈皮陈香浓郁，有药香味，滋补食疗价值高。
.
??注意：不同陈化工艺的新会陈皮，口感有所不同，且每个人喜好的口感不同。有人喜欢新陈皮的清香，也有人沉迷老陈皮的醇厚感。新会陈皮的适饮期，不仅因皮而异，也因人而异，选择自己所喜好口感，合适年份新会陈皮去品饮，才是z好喝的。
.
??陈皮的制作工艺、保存条件等有差异，也会影响对应年份陈皮的口感和功效。
.
话说，你们觉得几年的新会陈皮z好喝？欢迎大家评论区交流！
.
?#陈皮? ?#新会陈皮? ?#陈皮知识? ?#养生健康? ?#健康养生","[{""revie"":""熙环Amy我家存着有1986年的和1993年的，不过我自己喝的就是10年陈的，正常喝，想养生的10年陈可以了，01-03赞4爱喝陈皮的花花作者哇这个好厉害了居然被还存有这么高年份的陈皮01-03赞回复展开 3 条回复""},{""revie"":""蜜桃雪雪这个陈皮是不是可以炖肉？01-04赞3爱喝陈皮的花花作者可以的 可以煮饭泡汤等都可以的01-04赞回复展开 2 条回复""},{""revie"":""白月光的满足可以推荐下店铺吗01-1911爱喝陈皮的花花作者宝 我喝的昌源记的01-191回复""},{""revie"":""棉花糖??陈皮 回购很多次，口感不错01-06赞1爱喝陈皮的花花作者谢谢宝的支持和认可哈  \n01-06赞回复""},{""revie"":""Good@aaaaaaaaawj 长知识了，长知识了01-05赞1爱喝陈皮的花花作者哈哈哈01-05赞回复""},{""revie"":""JJ????陈皮泡茶步骤是不是和茶叶一样01-04赞1爱喝陈皮的花花作者会有相同也有不同 比如前期的醒皮一样 但后期泡菜还是有很多讲究的01-04赞回复""},{""revie"":""嘻嘻来了陈皮原来还有这么多讲究呢01-04赞1爱喝陈皮的花花作者是的呀01-04赞回复""},{""revie"":""小狗是天使呀陈皮好贵的01-04赞1爱喝陈皮的花花作者是呀 但确实也是好东西嘛01-04赞回复""},{""revie"":""酒窝纯的生活日记目前新手的话 是不建议10年就可以 我听我朋友说陈皮10年新手入门 很可以了01-02赞1爱喝陈皮的花花作者是的呀 10年作为入门足够了01-041回复""},{""revie"":""小红薯67EC5F37学到了，之前泡陈皮都没管过年份01-04赞回复""}]",68,爱喝陈皮的花花
1749267245-63,https://www.xiaohongshu.com/search_result?keyword=%25E5%2581%2587%25E9%2599%2588%25E7%259A%25AE&source=unknown,今日份美食摄影：广东江门新会陈皮,https://sns-webpic-qc.xhscdn.com/202506071117/d63ca3173a68daa3f9713a6038bf2705/1040g2sg318t9crfijqdg5nq8rlt08n0rf3qgg50!nc_n_webp_mw_1,,https://www.xiaohongshu.com/search_result/670be08b000000001600c85d?xsec_token=ABBZSBwnfiNNoxEo4gCAD9324lzgY7uzjU3LMT4OPa184=&xsec_source=,"今天来到广东江门新会，真的是涨知识啦，参观了果园，以及制作陈皮的流程，品尝了好喝的陈皮水~拍了好看的照片!
#陈皮 #新会陈皮 #新会 #江门 #正宗新会陈皮
#天然无添加 #化橘红 #养生内调茶 #拍拍身边烟火气
#喝懂泡好一杯生活茶","[{""revie"":""Sally不知果肉如何处理哦，好奇2024-10-13赞8阿南作者有人回收，拿去做酵素2024-10-14赞回复展开 7 条回复""},{""revie"":""clouolc老师您好，想借用您的图片放在大学的学院公众号做内容分享，不知道您是否允许？非商用02-15赞2阿南作者好的02-15赞回复展开 1 条回复""},{""revie"":""百世偏爱老师，可以抱图吗2024-10-29赞2阿南作者不可商用哈2024-10-29赞回复展开 1 条回复""},{""revie"":""小红薯6602FE182024-10-1511阿南作者2024-10-15赞回复""},{""revie"":""大嫂爸爸妈妈种的也迎来了丰收2024-11-05赞1阿南作者2024-11-05赞回复""},{""revie"":""设不出来拍的好好2024-10-30赞1阿南作者2024-10-30赞回复""},{""revie"":""不务正业的臭宝图片真的好好看2024-10-22赞1阿南作者2024-10-22赞回复""},{""revie"":""陈皮小公主同款照片2024-10-14赞1阿南作者2024-10-14赞回复""},{""revie"":""花球老师您好，想给留学生上非遗体验课，想用您的图片可以吗？非商用。03-10赞回复""},{""revie"":""右右右右右括号您好！可以借用您的图片用在学校的比赛中吗，主题是江门的陈皮发展这样，小比赛，您的图片很好看，想要把图片放在ppt中展示，可以吗？谢谢！会标注图片来源！03-08赞回复""}]",119,阿南
1749267271-64,https://www.xiaohongshu.com/search_result?keyword=%25E5%2581%2587%25E9%2599%2588%25E7%259A%25AE&source=unknown,380元一斤陈皮，15年前买的，好像工业皮,https://sns-webpic-qc.xhscdn.com/202506071117/99f3480638695ffb87e9b5cf8ea94edb/1040g2sg31b8tssndmu004a6rv3j0c3326ns4oh8!nc_n_webp_mw_1,,https://www.xiaohongshu.com/search_result/6759554b0000000006038b82?xsec_token=ABcf2Ph91S-8sZjTlAor45qje6yjWDvHJX5gZZCHkKLOg=&xsec_source=,请大家帮忙识别一下谢谢！,"[{""revie"":""邑城女婿陈皮膳食你煮水就知道了，颜色像可乐那样、喝完还会嗓子痒，可以不扔，冬天拿来泡脚挺好的2024-12-1172兰兰作者学到了2024-12-11赞回复展开 1 条回复""},{""revie"":""熊熊蛋糕水好深2024-12-2817回复""},{""revie"":""新会柑三伯真皮的话，380是2.3年皮的价格2024-12-1112兰兰作者学到了2024-12-11赞回复展开 1 条回复""},{""revie"":""日月看皮这种像沾了水一样一块黑一块新的，就是打湿做旧的2024-12-1111兰兰作者学到了2024-12-11赞回复""},{""revie"":""天使的眼泪一个大天雷呀，跟我的好像2024-12-21赞3JASON WONG你这个泡脚吧2024-12-26赞回复展开 2 条回复""},{""revie"":""兰兰作者好的，马上扔2024-12-111回复""},{""revie"":""侨乡味道&新会陈皮妥妥的工艺皮01-02赞2momo这是工业皮吗01-16赞回复展开 1 条回复""},{""revie"":""momo我这个是工艺皮吗？卖家说是十年天马二红的，不太懂01-02赞2芳你这这个正常。01-05赞回复展开 1 条回复""},{""revie"":""茶坑柑农松哥哥新会陈皮\n与其买做旧的“20年”\n不如干仓的5年#大紅皮2024-12-29赞2可妮儿我都是买新皮放着2024-12-31赞回复展开 1 条回复""},{""revie"":""童彤评论里有些说绝对工艺皮的，也别绝对。15年以前的，有些储存原因也是可能压仓皮受潮，还是得煮了看味道。2024-12-17赞2Kami受潮翻曬的外皮也是暗紅暗紅的，而且內囊的果脈會斷成一段段，達不到這種深黑色。22年廣東的回南天太離譜了，我就壞了一批然後翻曬兩年，還是暗紅色就是味道明顯有苦澀感。2024-12-28赞回复展开 1 条回复""}]",7,兰兰
1749267277-65,https://www.xiaohongshu.com/search_result?keyword=%25E5%2581%2587%25E9%2599%2588%25E7%259A%25AE&source=unknown,真实测评新会陈皮??新手小白?必看,https://sns-webpic-qc.xhscdn.com/202506071117/87cfe7e9f60436a92089014f838b42d2/1040g2sg30q5o62s6n6605p7fbs60hi7pkgh4q5g!nc_n_webp_prv_1,,https://www.xiaohongshu.com/search_result/652905b8000000002101d945?xsec_token=ABv62kljO56Gx4ZuimFglqic3M7xmrnlhmH41-riU1iy4=&xsec_source=,"新会陈皮到底和其他陈皮有什么区别？
首先，陈皮也分川陈皮、广陈皮等，其中以广陈皮为上品，《本草纲目》中也记载“今天下以广中采者为胜。
“广中”指的就是现在的新会，可见，在古代的时候新会陈皮那已经广受大家好评，特别是一线产区的陈皮，地处三江交汇咸淡水交织，形成了特有的混合沉积区属性，所以新会陈皮的油包大而且密集，就是因为含有的营养成分高
所以今天琪琪特意淘来了外地皮和网络上99元的低价“新会陈皮”，来和琪琪家核心产区新会陈皮对比看一看
外地皮
外皮?：外观呈不规则的破裂片，油室分布不均匀。
内表面呈黄绿色或橙红色，无猪鬃紋
内囊?：内囊比较厚实，紧致，油孔较小，内含物质少
口感?：外地皮的回感较苦涩。没有回甘的感觉
	
工艺皮
外表?工艺皮的外观呈不规则的破裂片，颜色不均勻。有青色黑色、红色等
内囊? 混杂不白然。甚至带灰士气息，霉菌气味。不适久闻
口感? 茶汤会变成深棕色，，而旦会变浑浊味还苦涩，不耐泡，口感上有苦，酸，涩
	
新会陈皮
外表?呈褐黄色或泽棕红色，有明显的猪鬃紋
，表面有无数排列整齐紧密相送、大小均匀规律分布且凹入的油点。透光可见油室明显
内囊?呈黄白色或雪白色，内囊自然浮松脱落。油室清晰可见
口感? 泡水后。茶色呈青黄色或黄红色。
通透自然，年份长的陈皮茶色更深，但不会过深
#琪琪的陈皮 #广东人吃什么 #正宗新会陈皮 #新会陈皮 #陈皮知识 #测评 #好物测评 #陈皮真假陈皮",[{"revie":"潤2023-12-28赞2潤请问一下我买的这个是自然陈化的吗2023-12-28赞回复展开 1 条回复"}],36,琪琪的陈皮生活
1749267292-66,https://www.xiaohongshu.com/search_result?keyword=%25E5%2581%2587%25E9%2599%2588%25E7%259A%25AE&source=unknown,这个陈皮可以喝吗,https://sns-webpic-qc.xhscdn.com/202506071117/35e8026c2ee25313d28ec58861f07ed9/1040g00831cjijp3pge6g5p99771qoafldsthk70!nc_n_webp_mw_1,,https://www.xiaohongshu.com/search_result/67850105000000000b037fb4?xsec_token=ABtlRbsQmYOy94fpiyFYRCmzBXF_AO5gwd2Byg2YVlmsE=&xsec_source=,买给爸妈的，不太会看，这个陈皮能喝吗#陈皮 #陈皮怎么辨别,"[{""revie"":""橘子味道作者新开的帖子发了煮开的图片，大神们可以看看吗置顶评论01-14赞回复""},{""revie"":""卖陈皮的小女孩这颜色，不一定是工艺皮，我家有一批2015年的冬后大红皮存出来也是这个颜色的，感觉现在问陈皮真假下面一堆评论假皮，太以偏概全了，陈皮还是要一看二闻三喝，那些一看就说假的，是不是感觉只有你家的才是真的？01-13813橘子味道作者我明天煮一下看看怎么样～01-13赞回复展开 12 条回复""},{""revie"":""yiyiliyuan_gx这个皮蛮好的吧，看着像科技狠活，其实不是。01-14赞13橘子味道作者好多人说工艺，搞得我不敢喝了01-141回复展开 12 条回复""},{""revie"":""無心你这个陈皮可以。红皮。如果是小包装的，应该是2016年的。如果是大包装，应该是2017年的。01-16211橘子味道作者一斤装的，卖家说有15年01-16赞回复展开 10 条回复""},{""revie"":""星源之兴这个皮我买的是3000元斤，也说有20年了，我看了像15年的样子。02-01113新会陈皮～良妈卖家当你水鱼了02-04赞回复展开 12 条回复""},{""revie"":""颖记正宗新会农户陈皮铺有说多少年的吗？01-15赞6橘子味道作者说有15年，然后480一斤01-15赞回复展开 5 条回复""},{""revie"":""圆圆圆大概率科技01-13赞6橘子味道作者还是跟熟人买的01-13赞回复展开 5 条回复""},{""revie"":""麦田守望者KG这是食在有方吗01-1515橘子味道作者不是，老家的药材市场买的01-15赞回复展开 4 条回复""},{""revie"":""好运莲莲??????请问这个能给看看嘛，五年的。打开闻着很清香01-14赞4橘子味道作者我也不会看。但是五年会不会没这么黑呀蹲个大神来看看01-14赞回复展开 3 条回复""},{""revie"":""新会小冈胜哥陈皮本来看品相还有可能是以前的老陈皮，因为以前存陈皮没现在这么讲究，抽湿条件没现在好，外观差点也有可能。但是一看价格480一斤，就觉得不太可能了01-1332橘子味道作者那说明人家这假造的有点东西01-131回复展开 1 条回复""}]",22,橘子味道
1749267295-67,https://www.xiaohongshu.com/search_result?keyword=%25E5%2581%2587%25E9%2599%2588%25E7%259A%25AE&source=unknown,2025年的收藏，存点陈皮！,https://sns-webpic-qc.xhscdn.com/202506071117/55bda1ba7f02c0b52a3d348d1cdcebfd/notes_pre_post/1040g3k831evh48256a005oge4ao40u45sv82fmg!nc_n_webp_prv_1,,https://www.xiaohongshu.com/search_result/67d2c7fe000000000d016d66?xsec_token=ABYQo-V_HbmzvROUfHzsi-fRAeU9qn0r8_G-bkwV-m8XM=&xsec_source=,#爱如陈皮愈久愈珍 #一入茶坑深似海 #陈皮 #陈皮白茶,"[{""revie"":""周嘉玉江苏人真是不明白存这个能干嘛03-14176162一群屎壳郎显得有钱03-14212回复展开 161 条回复""},{""revie"":""momo22冬后03-141033尘缘如梦作者03-144回复展开 32 条回复""},{""revie"":""Pampam酱自己晒的陈皮，很多很多留着给女儿以后做嫁妆03-311046陈颠颠自己怎么晒阿04-013回复展开 45 条回复""},{""revie"":""是颖妹妹呀??去哪里买新皮啊03-14422尘缘如梦作者我的是侨宝封藏皮，拆了四箱03-143回复展开 21 条回复""},{""revie"":""欧阳-Joe Joe巧了03-1866尘缘如梦作者03-181回复展开 5 条回复""},{""revie"":""小红薯63FEBBBC03-31115小红薯645E907D真的假的？04-011回复展开 14 条回复""},{""revie"":""Do not weak我家里30年的陈皮都藏起来不让人家看见的03-2919不瘦不改名为什么不让别人看见03-301回复展开 8 条回复""},{""revie"":""小红薯kkbb202222个人爱好，存点，喝点，卖点04-09赞9枳实怎么卖的？04-09赞回复展开 8 条回复""},{""revie"":""金金金这个能吃吗04-02赞9??不太好我买的也是这种04-02赞回复展开 8 条回复""},{""revie"":""最近颖很皮er我能买点你们的吗，看着品相很好04-0913尘缘如梦作者我的也是买的品牌的，自己装里边了04-09赞回复展开 2 条回复""}]",1803,尘缘如梦
1749267318-69,https://www.xiaohongshu.com/search_result?keyword=%25E5%2581%2587%25E9%2599%2588%25E7%259A%25AE&source=unknown,??陈皮到底喝几年的？,https://sns-webpic-qc.xhscdn.com/202506071117/9076b637c5fe0c04ab64cb4e2005848d/1040g2sg31a3nlevb6o705p85jv70iar73776uo8!nc_n_webp_prv_1,,https://www.xiaohongshu.com/search_result/67333ee30000000019014ab9?xsec_token=ABF4nvGVm_PmJeKRsk2cgA3LvJD2JhNFkeJgogdllUgCQ=&xsec_source=,"一起来看看吧~??
#泡一壶好茶 #陈皮 #茶知识 #茶生活 #养生内调茶 #茶饮 #茶叶 #陈皮知识 #茶系慢生活 #陈皮茶","[{""revie"":""小红薯668993E9本人坐标苏州，真不知哪地方有真的卖，网上买了几次，都是假的。2024-12-11421茶叶百科作者坐标 江门新会 自己去摘果晒2024-12-129回复展开 20 条回复""},{""revie"":""a君家中全是5年以上的，怎么办哦2024-11-25615Blue Berry這不像是5年的哦2024-11-268回复展开 14 条回复""},{""revie"":""小红薯67109067这个15年的2024-12-0829甜甜Huang有点不像2024-12-091回复展开 8 条回复""},{""revie"":""芷恩谁给我看看这是15年的嘛01-2227aaa是新会皮吗，看内囊不像自然陈化02-15赞回复展开 6 条回复""},{""revie"":""大麦子#我家这陈皮都黑了 到底能不能喝啊 怎么感觉好苦啊？05-11上海赞6利记新会陈皮??可以发图片看看哈05-11广东赞回复展开 5 条回复""},{""revie"":""登登新手喝什么好2024-11-23121甘棠陈香新手可以尝试喝一下三年份的二线产区皮05-01赞回复""},{""revie"":""格桑花这种的陈皮呢 多少年 是科技活吗01-11赞5Eva.T你猜01-29赞回复展开 4 条回复""},{""revie"":""果妈我在竖德生活馆看到也买过真的好 但是价格非常贵 1200元一斤01-04赞5小红薯5D6FA4D4喝了有啥好处，我家门口有棵老树，我自己晒03-09赞回复展开 4 条回复""},{""revie"":""小包子炎炎这个断皮还可以不？2024-12-0324颖记正宗新会农户陈皮铺内囊全部都太扎实梆硬了，应该是湿仓皮，年份木有10年的，湿仓做旧了，果蒂还是很新2024-12-315回复展开 3 条回复""},{""revie"":""??黄芪呢2024-12-0323一切随缘这哪是黄芪？明明是山楂2024-12-0923回复展开 2 条回复""}]",657,茶叶百科
1749267325-70,https://www.xiaohongshu.com/search_result?keyword=%25E5%2581%2587%25E9%2599%2588%25E7%259A%25AE&source=unknown,往后新会陈皮有属于自己的身份证了,https://sns-webpic-qc.xhscdn.com/202506071117/de7e43f0ffe3791c7992a21791c54c7e/1040g2sg31b8ovkn87m704a4ovi8de3vg1kf5nug!nc_n_webp_prv_1,,https://www.xiaohongshu.com/search_result/67592d030000000002026a94?xsec_token=ABcf2Ph91S-8sZjTlAor45qmRa3ep1zPERnlzB4jTOpsQ=&xsec_source=,"江门市新会区政府对新会陈皮办理身份证了！
关于粘贴 “新会陈皮”证明商标销售的通告
全区新会陈皮经营商户：
新会陈皮作为国家地理标志保护产品，已成功注册“新会陈皮”证明商标，根据《中华人民共和国商标法》、《中华人民共和国商标法实施条例》和《集体商标、证明商标注册和管理规定》的相关规定，未经证明商标注册人的授权许可，任何单位和个人均不得销售带有“新会陈皮”标识的产品自2024年10月1日起，所有在茶坑村、天马村、陈皮村及陈皮古道等区域范国内注册登记的陈皮经营商户，销售
的新会陈皮产品必须粘贴 “新会陈皮” 证明商标标识；自2025年1月1日起，市场上所有销售的新会陈皮产品必须粘贴 “新会陈皮”证明商标标识。届时，将在全国范国内对未粘贴 “新会陈皮”证明商标而销售新会陈皮产品的行为进行维权，对侵犯“新会陈皮”，证明商标知识产权行为向人民法院提出民事诉讼，并追究相应的法律责任。
“新会陈皮” 证明商标注册人特此通告。#新会陈皮 #新会区租房 #新会农学会#陈皮知识 #新会柑","[{""revie"":""寒羽搞这些没用，现在新会陈皮是这样玩的，搞产区炒作，什么核心，一二产区，这样玩的，还什么东甲西甲德甲意甲这样玩的2024-12-1110028烤羊肉串哈哈哈哈2024-12-114回复展开 27 条回复""},{""revie"":""阿吉品牌的都能贴这个标贴，农户自己晒的怎么办？那可是真正的新会陈皮2024-12-11397柑知秋陈皮作者我家也是农户，只要新会有种植地的就可以注册的2024-12-119回复展开 6 条回复""},{""revie"":""woshiqiukai我一个新会人真不知道推荐外地来的朋友去哪里买新会陈皮，假货太多了2024-12-12288柑知秋陈皮作者哈哈哈哈??，来新会本地自己摘准没有假了2024-12-122回复展开 7 条回复""},{""revie"":""井头里啊明自家种的几亩新会柑不能叫新会陈皮了。只能让某些商家大户混其他皮当正宗新会陈皮卖2024-12-11173柑知秋陈皮作者几亩地都可以去申请，有地就可以，那些大商家至少也是种植基地在新会对不对，这个有地就去申请也是对自己的保障，没有坏处的2024-12-113回复展开 2 条回复""},{""revie"":""Kime酱只要想作假还是能搞的，有新会陈皮标签资质的可以卖给不是新会陈皮的人，帮他们贴标签，而有新会陈皮标签的依然可以进货外地假陈皮销售。现在说的好的那些区域的陈皮，都是炒作，双水陈皮不炒作，有些质量比他们高多了。想买真的，最好还是自己去摘来晒。2024-12-1276柑知秋陈皮作者不可以转卖，标签是按申报的量，按量审批下来的，自己都不够用，还怎么转卖，而且转卖会被追究法律责任的，2024-12-301回复展开 5 条回复""},{""revie"":""MOMO我们斗门这边也有人种新会柑 理论上这样都不属于新会陈皮 但是新会人来把柑子收走 回去晒干 它就是新会陈皮了2024-12-1272柑知秋陈皮作者不是全部在新会种植新会柑的人都这样的2024-12-122回复展开 1 条回复""},{""revie"":""momo如果不贴，是针对“新会陈皮”这个商标维权，不是针对真假陈皮维权，之前有相关案例  地名+特产 不能作为某家独有注册商标的。2024-12-1243柑知秋陈皮作者对，是相对维权这个新会陈皮商标，所以只有申请到这个商标的才能说是新会陈皮，这个商标下来叫，新会陈皮证明商标使用权，即便是我们当地新会有种植基地也要注册是比较好的，不然追究下来，我们也麻烦，本来生产的就是新会的，也被一并地处理，他会到时候追究起来，也不好麻烦，有资质的有基地的朋友们建议还是去申请一个这样的使用证明2024-12-12赞回复展开 2 条回复""},{""revie"":""LiangBQ看看今年的塞口围，那才是真网红地，果都去到60一斤，一个果按4两算，就是一个果一顿快餐钱，远远超过牛比那30多一斤的2024-12-1214柑知秋陈皮作者就是广雅学校后面那一块一百亩左右的地，何必了2024-12-121回复展开 3 条回复""},{""revie"":""陈皮的搬运工管控下，外地柑进入新会开果，晒皮多好呢   搞坏市场2024-12-1133柑知秋陈皮作者只想开自己新会种的果2024-12-11赞回复展开 2 条回复""},{""revie"":""小红薯63F3A073陈皮村假皮多的很！贴个牌就没假2024-12-1161柑知秋陈皮作者陈皮村里面商户也不一定都能拿到这个证书，首先在新会要有种植地，要给农业局提供相关的注册资料，包括地租合同，村委证明，交易清单等等，很多一堆资料，还有仓库要在新会，而且仓库的皮要送去质检，检查出是符合新会陈皮的标准才能给你，有这个证书的，和使用这个标签，所以想要申请到，那些造假的人他们没有这些资源，不可能去临时租地，也不可能临时建仓库、而且仓库li?m里面的货是有工作人员上门来检查的，要抽样品拿去国家检测部门检测，现在新会只有600多个企业和个体种植户拿到证书了而已2024-12-27赞回复""}]",229,柑知秋陈皮
1749267340-71,https://www.xiaohongshu.com/search_result?keyword=%25E5%2581%2587%25E9%2599%2588%25E7%259A%25AE&source=unknown,胖东来490元梅江陈皮开箱啦！,https://sns-webpic-qc.xhscdn.com/202506071117/e7cc27b21e413ef650d849acf4cc87b0/1040g00831eb23aksgk6g5n6n3kek9ult0fjkd4o!nc_n_webp_prv_1,,https://www.xiaohongshu.com/search_result/67bdd1d4000000000e00609f?xsec_token=ABskwfWvqZMScNmtN4-3uDemtxjsenvLpOscIgHO8OFos=&xsec_source=,"【胖东来490元陈皮开箱记录】#陈皮 #胖东来
	
**包装观察**
1. 快递盒同样是胖东来“嘉木东来”定制款
2. 玻璃罐，未配礼品袋，自带红色礼品盒，也非常适合送礼的样子
3. 和780款一样在封口处贴了标签，还有查询码，撕毁很难复原
4. 不一样的是780铁罐旋转开盖，490玻璃罐是直接拔的，都有胶圈，密封性应该还可以
5. 哦还有不一样的是780款铁罐里面还有一个塑料袋，490款无，我得去找个胶袋包一下，梅江皮别折损在江南梅雨天了
6. 特别夸一下外包装和快递，8个角都包了气泡膜，完好无损！送礼的可以放心了！（奇怪我又不是用来送礼的为啥强调这个）
	
**内容物统计**
- 总片数：48片
· 完整片：20片
· 两瓣片：13片
· 单瓣片：15片
-  跟780相比断片多了蛮多，如果是出厂就自带断片…emmm…建议东来可以跟供应商battle一下，要是运输断的…要不东来换个运输商？
追求整皮又有一定鉴别能力的可以考虑原产地直入，我这小白还是愿意相信胖东来的信誉喝个放心
	
**基础品鉴**
1. 干度：跟780一样干爽
2. 香气：开罐也有有明显陈皮陈香，略淡一点
3. 质量：不懂陈皮，780内囊颜色略深，其他没了，最后一P自己看吧","[{""revie"":""幽默风趣的隔壁小王不是490吗？02-26赞4嗯嗯嗯作者嗷。是的，记错了02-261回复展开 3 条回复""},{""revie"":""ff新会本地梅江一年皮都要500一斤起步啊02-2613嗯嗯嗯作者200克3年这个价格不算离谱吧02-261回复展开 2 条回复""},{""revie"":""小吴不跟你玩了我为什么每次都是显示这几个还售罄了……02-2617China??多刷新02-26赞回复展开 6 条回复""},{""revie"":""花都布德鸟??125克接近500太离谱了吧，怎么不找果农买，现在小红书这么发达03-10赞3风褛谁知道果农卖的是真假呢03-196回复展开 2 条回复""},{""revie"":""momo请问地址不配送的问题是怎么解决的？03-07赞2嗯嗯嗯作者我没有出现这个问题呀，填的湖南的地址顺利下单了03-07赞回复展开 1 条回复""},{""revie"":""武夷山羿栈民宿三年皮最好不要喝，陈化五年以上才能喝03-02赞5momo直接玻璃罐子里放两年 算不算陈放五年？03-07赞回复展开 4 条回复""},{""revie"":""十一维两款喝起来如何？02-2621嗯嗯嗯作者那还是贵的年份高点好喝点02-261回复""},{""revie"":""小红薯5FA7E532我没买到780的 只买到490的 02-2613Xue_DaJing上周末还上了780。最近每周都会有的。2种都有。02-261回复展开 2 条回复""},{""revie"":""未央花请问在哪里买的02-263回复""},{""revie"":""又矮又胖的大叔没有780的好喝02-262回复""}]",52,嗯嗯嗯
1749267362-73,https://www.xiaohongshu.com/search_result?keyword=%25E5%2581%2587%25E9%2599%2588%25E7%259A%25AE&source=unknown,??????什么？证书也是假的？避雷??假陈皮,https://sns-webpic-qc.xhscdn.com/202506071117/f53278f9d6e654db2cc688b6516f8860/1040g008312c9u0je520g5n6lj3ek0l3v26q2p18!nc_n_webp_prv_1,,https://www.xiaohongshu.com/search_result/6635e0d2000000001e01d28f?xsec_token=AB58Z8ted5dkrVcYlMjiCV2noYSXl_z-gvRpTK5B83wow=&xsec_source=,所谓品牌陈皮，带质检报告，这些都是可以做假的，数据花钱可以写上去的，而且人家证书上面写明了：工艺皮也在他们的认证氛围，最多能为你保证是新会皮，但是不能保证绝对不是工艺皮#陈皮 #工艺皮 #科技与狠活,"[{""revie"":""茶十理这不是橙子皮嘛04-02赞6?? 哆哆随记作者是的04-021回复展开 5 条回复""},{""revie"":""卡卡のCastle质检报告仅对来样负责...2024-05-0411?? 哆哆随记作者拒绝一切科技与狠活2024-05-04赞回复""},{""revie"":""诚信滋补陈皮燕窝不做假信你拿到手的东西，喝起来的感觉才对！！2024-05-063回复""},{""revie"":""柑宝良缘_新会陈皮2024-05-04赞回复""},{""revie"":""报告狂魔蟹老板二维码或者官网可以查询到报告真伪05-08广东赞回复""}]",7,?? 哆哆随记
1749267391-74,https://www.xiaohongshu.com/search_result?keyword=%25E5%2581%2587%25E9%2599%2588%25E7%259A%25AE&source=unknown,?陈皮小白入坑必看，如何区别工艺皮！！,https://sns-webpic-qc.xhscdn.com/202506071117/1bd228c842702270b3d3c5c9abacacac/spectrum/1040g34o316fo5vq9gq005oncfjqnjqei01gjpp0!nc_n_webp_mw_1,,https://www.xiaohongshu.com/search_result/66bc7bd700000000250337e0?xsec_token=ABTNRZG4cmSWr2OXw-xprXoaq8zfsyxFfOGni2Wpr2hP0=&xsec_source=,"新会陈皮真假分辨指南：从皮相、汤色、口感三方面辨别??
今天来给大家讲讲如何从皮相、汤色、口感这三大方面去分辨干仓新会陈皮、外地皮以及湿仓染色做旧工艺皮??。
	
一、外地皮（常见假陈皮）??
外地皮主要是广西柑、椪柑、洪柑等通过“科技与狠活”（如高温蒸晒、染色做旧等手段）来冒充新会老陈皮。其特征如下：
皮相：油包没有凹陷感，平铺在果皮表面的??。
质地：皮薄无韧度，煮一两次就变得破破烂烂??。
口感与汤色：茶汤寡淡无味，香气微弱单一，多数茶汤还会发苦，而且这种苦味会在口腔中长时间无法散去??。
	
二、湿仓染色做旧工艺皮??
这类皮是用新皮借助色素香精、高温高湿工艺假冒成 10 年、15 年、20 年的陈皮。其特征为：
皮相：内囊紧实不蓬松，柑络没有明显剥落；颜色不自然，要么呈黑色，要么是红棕色（要知道，再老的干仓新会陈皮内囊颜色都是在黄、卡其色的基调上逐年加深的，而不是像普洱茶那样呈现红棕或发黑的颜色??）。
气味：有刺鼻很冲的九制话梅味，味道比较浑浊??。
口感与汤色：茶汤浑浊，有漂浮物；用手摸内囊会掉渣渣，触感黏滑
（因为它不是通过生晒干仓陈放，而是经过浸泡染色、高温催化而成，所以黏糊感很明显??）；
茶汤苦涩，难以入口??。
	
三、干仓新会陈皮（核心产区）??
干仓新会陈皮是用新会茶枝柑，经由阳光生晒、干仓陈化至少 3 年时间才制成的，只有这样才能称之为新会陈皮。
其主要特征如下：
皮相：表皮有明显的猪鬃纹（即表皮的皱纹）和牛坑腩（明显内凹的油包），摸起来很有质感??。
质地：内囊蓬松，用手刮一下，柑络很容易凋落??。
气味：气味是非常自然且纯粹的柑香（低年份时）??。
口感与汤色：茶汤金黄透亮，清澈无比；喝起来香气馥郁，不会苦涩，而是顺滑回甜??
#陈皮知识??#真假陈皮??#新会??#新会陈皮??#茶??#我有一个小问题??#在家更爱喝茶
#干仓陈皮??#喝茶??#凤凰单丛茶","[{""revie"":""济南汽车底盘件颜哥这个呢2024-09-08赞3济南汽车底盘件颜哥2024-09-08赞回复展开 2 条回复""},{""revie"":""雨中逢花??麻烦帮忙看看2024-09-26赞回复""}]",13,翔说茶（单丛茶）
1749267412-75,https://www.xiaohongshu.com/search_result?keyword=%25E5%2581%2587%25E9%2599%2588%25E7%259A%25AE&source=unknown,这是啥陈皮,https://sns-webpic-qc.xhscdn.com/202506071117/6b94fc3496aae7ec637029d5c772f131/1040g00830sph0t7v46705n9dh9fkghligv9bne8!nc_n_webp_mw_1,,https://www.xiaohongshu.com/search_result/657ecf200000000009018c1a?xsec_token=ABF-Fh_IEcz8teG7PrrsQYmcZCYpAflEjTuhO7bTiu7sM=&xsec_source=,闲鱼上看见的，哎！心疼大家被骗，好像现在是个人都知道陈皮，实在看不下去，有憨憨评论说这个牛，非常自信的鉴别结果！有时候消费者知道的陈皮经验常识都是卖陈皮有意而为之告诉你们的！新的柑皮也可以被虫蛀，然后再进行做旧，有几个买陈皮的消费者是跟着新皮慢慢陈化走一遍下来仔细观察与思考过几年的？没有极致追求的人千万别买，这玩意你喝下去身体没啥变化，抵不上一碗大米饭吃下去立马就不饿了，感觉十分明显！图片里的农产品要是真的话，八万一斤也不贵,"[{""revie"":""阿楠2008年东甲2023-12-30126太阳夜宴作者看着不像工艺皮，别浪费了！自己多了解，不要听信别人的节奏2024-01-03赞回复展开 25 条回复""},{""revie"":""四雅集中古茶市2023-12-18221太阳夜宴作者你这个图真牛，一眼真，好东西！2023-12-183回复展开 20 条回复""},{""revie"":""吐魔露??便宜是没有好货，当然贵也不见得是真货，网上买货要擦亮眼睛，没见过真的不如不买，早点拔草……2023-12-18赞8太阳夜宴作者是的，就算是真皮不做旧，自然陈化都有好几种办法使得同一批皮的品相差别很大，所以才会有所谓的真实年份和陈化年份之说2023-12-191回复展开 7 条回复""},{""revie"":""自家种植新会柑（陈皮）我家的，只有一点，还有一罐1993年的2023-12-2316自家种植新会柑（陈皮）2023-12-232回复展开 5 条回复""},{""revie"":""维尼哞哞叫01-02赞6维尼哞哞叫上面是八马14年，下面是淘宝买的七年陈01-02赞回复展开 5 条回复""},{""revie"":""身上长了猫这个还能吃么？有说可以 有人说不能2023-12-23赞4陈皮远姐姐看我新皮2023-12-27赞回复展开 3 条回复""},{""revie"":""蜡笔少女你的评论区里，都有人说是好皮2023-12-1811太阳夜宴作者说好皮的人，要么是憨憨，要么就是卖工艺皮的2023-12-181回复""},{""revie"":""木六卯我家自己陈了好多年的皮就完全不是这个样子，前面还看到一个，皮潮的卷在一起，还说堆叠发酵的，反正感觉商家要黑起来那真的是乌漆麻黑。2023-12-1813大橘我觉得你看到的说堆叠发酵的同一个笔记我刷到了2023-12-19赞回复展开 2 条回复""},{""revie"":""今天发什么陈皮2023-12-19赞1太阳夜宴作者优秀2023-12-19赞回复""},{""revie"":""古哥好东西啊，到底懂不懂2023-12-18赞1太阳夜宴作者憨憨，一边待着去！2023-12-18赞回复""}]",25,太阳夜宴
1749267419-76,https://www.xiaohongshu.com/search_result?keyword=%25E5%2581%2587%25E9%2599%2588%25E7%259A%25AE&source=unknown,踩过无数陈皮的坑，给大家避雷陈皮的方法,https://sns-webpic-qc.xhscdn.com/202506071117/ef8a27b58de4c6559b0e8bc3458effe1/1040g008317p65sie3k005o1lsmtg89vqqunoq1g!nc_n_webp_mw_1,,https://www.xiaohongshu.com/search_result/66e6e8ff000000000c01abd8?xsec_token=ABvSF5aWgdLDaTzjmxraEGZ-VNR4eFICnMe7csp3G77KI=&xsec_source=,"我喝陈皮已经有多年啦！真的是一入陈皮深似海，从此就离不开它了。
由于家里长辈是老果农了，我从小就接触到陈皮，有一次喉咙特别不舒服也没有胃口吃东西，然后就抱着试试看的心态，没想到这一试就坚持了十年。在这十年里，陈皮给我的身体带来了太多的惊喜。
先说说我的气色吧，以前总是面色暗沉，现在明显红润了不少，皮肤也变得更加细腻有光泽。??而且肠胃功能也改善了很多，以前稍微吃点不对的东西就容易胃不舒服，现在这种情况几乎没有了。
刚开始喝陈皮的时候，我以为是又酸又苦的，但是喝过家里的陈皮以后就直接改观了，不仅不会酸苦还有淡淡的甜，现在也算是半个陈皮行家了。
??下面就把我的经验分享给大家：
1?一定要选新会一线产区的干仓陈皮。不要买外地的陈皮，外地的陈皮都是酸苦的，不太适合我的口味。我个人比较喜欢天马的陈皮，味道醇厚。至于广西陈皮、四川陈皮那些，都不是新会陈皮，口感和营养价值都差很多。
2?日常喝大红皮就很不错。不过要注意哦，只有陈化三年以上的陈皮才有功效。3 - 5 年的陈皮适合入膳，5 - 10 年的适合日常饮用，10 年以上的就更适合养生了。
3?不要看到便宜的陈皮就盲目买。便宜没好货这句话真的很有道理。我之前也买过一些便宜的陈皮，结果品质很差，根本没法喝。陈皮其实很耐喝，一斤大概能喝 4 - 5 个月，每次泡 1/3 就可以了。
4?怎么辨别假陈皮呢？假陈皮一般外皮发黑，内囊纹理磨平，味道苦涩，汤体浑浊颜色深。大家可以用这些方法来鉴定一下自己买的陈皮是不是真的。
5?陈皮不一定要买品牌的，和其他商品不太一样。也不建议找果农买，因为我们很难分辨陈皮的好坏。还是要自己学会辨别哦。
6?大家可以在小红书上找批发商，多买几家对比对比。
??最后说说干仓陈皮的特征：
①表皮有明显的猪鬃纹和牛坑腩。
②内囊蓬松，用手刮一下，柑络很容易凋落。
③气味自然纯正，有柑香、陈香、药香。
④茶汤金黄透亮，清澈无比。喝起来香气馥郁，顺滑回甜。
#我的养生仪式感#秋天正是养生天#秋天的养生茶饮#存钱不如存健康 #陈皮#新会陈皮 #经验分享 #养生茶 #陈皮知识 #养生内调茶 #良心推荐 #我的养生仪式感","[{""revie"":""燕燕很好2024-09-1411陈韵堂新会陈皮作者谢谢支持2024-09-17赞回复""},{""revie"":""DG鲁茜茜??昨天直播看到你的手就感觉不错，白润，指腹饱满。难道真的是喝陈皮十年的功效？2024-09-28赞1陈韵堂新会陈皮作者哈哈哈，过奖了，秋冬季节多喝点陈皮对身体是不错的2024-09-28赞回复""}]",10,陈韵堂新会陈皮
1749267438-77,https://www.xiaohongshu.com/search_result?keyword=%25E5%2581%2587%25E9%2599%2588%25E7%259A%25AE&source=unknown,被吓到了！陈皮推荐不要再这样喝！有禁忌！,https://sns-webpic-qc.xhscdn.com/202506071117/bba2bc7279a35239e4810c5a399afc00/1040g00830vv4qk7g5o005npjgqs09epihulkbc0!nc_n_webp_mw_1,,https://www.xiaohongshu.com/search_result/65e6ddf40000000003031182?xsec_token=ABU5u07H7GtPmAImPWzm0rcGPJpIeOuPVK4cis5CpTlNk=&xsec_source=,"你花大几千入手的所谓的新会陈皮有可能是造假皮！！！假陈皮喝了不仅没用，严重的话还会影响身体，变成真毒药！
我刷小红书就老看到那些求陈皮鉴别的，连产区、口感啥的都不知道，现在陈皮市场混乱，便宜的陈皮也不少，但你知道它们都是怎么做的吗？很多用的都是外地皮染色+烘烤，完全没有营养一说，这样的陈皮喝来干嘛呢
·
1、在陈皮行业没有物美价廉这个说法，便宜的陈皮都是yao水货，太便宜的+味道奇怪的就别喝了，别把自己喝出问题来
2、不要一味追求一线产地，现在耕地越来越少，一线陈皮也越来越少
3、尽量不要选择年份太高的新会陈皮，现在陈皮水太深了，小白很容易踩坑，那种声称是15年20年的老陈皮就别买了
4、颜色太黑的陈皮不要买，不是好陈皮，那种大多数都是做旧工艺的，说难听点就是造假皮，喝了一点用没有，还可能有危害
5、陈皮性温，喝多了会上火，建议隔几天喝一次，或者加麦冬一起喝。喝陈皮对咳嗽、脾胃不好等有用，但是严重的时候还是要去看yi生的哦
6、不要迷恋品牌陈皮，就算是大品牌也没有自己的陈皮工厂，只是贴个牌子，价格却贵了好几倍，品牌溢价很高。自己多挑挑，没有牌子的好陈皮也不少，价格可以省很多
7、想买原产地陈皮，建议自己去新会一趟，我也是去到新会亲眼看见才敢放心喝的。要了果农薇，时不时跟果农交流下，才能越来越了解陈皮
·
大家刚买的陈皮可以用热水先烫十几秒，倒掉之后再重新煮一壶，如果汤色金黄透亮的话就有可能是真皮，颜色太深、水太浑浊的话就有可能是假皮。大家要是有不懂的可以来问我，我很乐意给大家解答的~
	
#陈皮 #陈皮推荐 #新会陈皮 #陈皮水 #健康养生 #干了这杯养生茶 #陈皮知识 #陈皮泡水","[{""revie"":""4uoik作者@书一茶庄置顶评论2024-03-083374uoik作者这条笔记突然有好多人来问我陈皮，我是托人找这个新会果农入手的，坚持喝了好多年，陈皮养生还是很棒的2024-03-0829回复展开 6 条回复""},{""revie"":""若   只如初见帮我看看2024-03-082755大禹治水我不太懂 但觉得左侧的假陈皮 右侧的还可以喝2024-03-0812回复展开 54 条回复""},{""revie"":""刘迪这个成么2024-03-09820刘迪2024-03-092回复展开 19 条回复""},{""revie"":""??????10年老陈皮???????這個皮挺好的2024-08-2052回复""},{""revie"":""Maks这个咋样2024-03-071054uoik作者喝起来口感怎么样2024-03-083回复展开 4 条回复""},{""revie"":""yee Siang2024-04-03赞6yee Siang2024-04-03赞回复展开 5 条回复""},{""revie"":""早早奇妙屋求助这个呢~说是10年，叫新会堂，今天刚开始喝2024-03-3134江门市少儿拉丁舞团不是很对2024-03-31赞回复展开 3 条回复""},{""revie"":""帅帅小可爱看看2024-03-31赞5珍珍不是新会皮2024-04-04赞回复展开 4 条回复""},{""revie"":""233的森林还是产区比较好，味道与非产区的差远了，从口感上还是功效上，核心产区的都是最好的，可惜东甲不再产皮了，都建楼了2024-03-2812新会陈皮妈是的，还有天马，茶坑陈皮呀2024-03-29赞回复展开 1 条回复""},{""revie"":""yue朦胧2012麻烦帮忙看下我这款，香是挺香的2024-04-02赞2珍珍这个应该是新会皮2024-04-04赞回复展开 1 条回复""}]",2432,4uoik
1749267475-80,https://www.xiaohongshu.com/search_result?keyword=%25E5%2581%2587%25E9%2599%2588%25E7%259A%25AE&source=unknown,奉劝准备喝化橘红的，别因无知而害了自己,https://sns-webpic-qc.xhscdn.com/202506071117/9a88b57c7cd165f70868e070a90ca4e4/notes_pre_post/1040g3k031g5of28q16005oomq79kgca7asv4bq0!nc_n_webp_mw_1,,https://www.xiaohongshu.com/search_result/67f9ee6f000000001c012cf4?xsec_token=ABu2nV6GxMCNErRS71j-UuQJj9T4Merz5ve5ZIZUUYoXM=&xsec_source=,"今天必须给大家扒一扒化橘红的错误吃法，都是血泪教训啊！这玩意可不便宜，吃错了真的亏大了。
	
1、不要直接鲜果切片泡水
很多人以为化橘红像普通陈皮一样切了就能泡，大错特错，未炮制的化橘红还不能喝，直接泡会刺激喉咙
	
2、买到染色的假货
市面上有些橘红看起来和化橘红很像，但详细一看它的表面没有绒毛的，闻起来有刺鼻酸味，泡水后发苦，正宗化橘红是自然陈化的颜色，表面有细密绒毛，气味清香带药香。
	
3、不要用温水冲泡
正确的冲泡方法，先用温水冲洗表面，醒皮醒片，再用85度以上的开水冲泡2-3分钟，根据自己冲泡容器的大小调整冲泡的时间。可以了将皮或片捞出来，放置一边，喝完后放进去冲泡。
	
4、不要和寒凉食物同食
化橘红本身性温，但有些人喝完又吃冰西瓜，喝绿茶，反而会肠胃不适。
	
5、不要睡前喝
晚上喝容易导致频繁起夜，最佳饮用时间是上午9-11点，吃完饭半小时后冲泡喝，肚饿时不要喝化橘红。
	
6、不要只泡一次就扔
优质化橘红可以反复冲泡5次以上，直到冲泡没颜色再换，不然太浪费了。
	
??真假辨别小技巧
正宗的化橘红表面有绒毛，闻起来清香，
泡水后膨胀发大
假的化橘红表面没有绒毛，闻起来有酸味，
泡水后碎渣多
	
?正确吃法推荐
经典搭配：化橘红+雪梨+冰糖
职场人士：化橘红+罗汉果
老烟枪：化橘红+蜂蜜
	
??记住啦，每天3-5克就够了，孕妇和阴虚体质慎用，大家买的时候一定要选原产地发货的，非原产地九成九是假货。
#化橘红 #化州橘红 #橘红 #化橘红片 #化橘红茶 #分辨真假化橘红 #真假化橘红 #化橘红搭配 #橘红大圣","[{""revie"":""虾叔【只做陈年化橘红】作者放心吧，我就算倒闭了，都不会卖假货给大家 陈年化橘红果切片置顶评论05-06赞回复""},{""revie"":""来福柯林这个老人日常可以喝吗？会不会太凉了，我奶奶一到冬天容易肺不舒服，喝这个可以调理一下吗05-29湖北赞6虾叔【只做陈年化橘红】作者可以喝哦 就当日常泡茶喝就行哈 ，老人家喝买些高年份的，放得一片就可以了，具体怎样搭配根据老人家情况，后续会教你哦05-30广东赞回复展开 5 条回复""},{""revie"":""美彤泰迪??18年单犬种差点苦死掉04-2611虾叔【只做陈年化橘红】作者姐妹泡得2分钟捞出来，容器小放得一片好了。04-261回复""},{""revie"":""flanco是不切片卖的都是染色的啊？3天前江苏赞1虾叔【只做陈年化橘红】作者切片前它是圆果，是鲜果烘干后的样子，经过自然陈化后，再根据产品加工成不同类型，如2号小果压制成圆条形再切片，也有直接用圆果切的。如果“上工艺”做假造假这是在这个阶段。与是否切片染色是间接关系。3天前广东赞回复""},{""revie"":""淡然博主这个题目好醒目，你想吓死谁啊05-28新疆赞1虾叔【只做陈年化橘红】作者姐妹终于引起了你的注意05-28广东赞回复""},{""revie"":""momo本想买点放在办公室泡水喝，但喝法这么麻烦，有点劝退了04-28赞1陈嘉皮陈皮方便05-10广东1回复""},{""revie"":""momo经常吸烟，有咽炎，还喘气，朋友推荐这个化橘红切片，说是很不错的东西，在朋友的推荐下，还是入手了，哈哈哈，不是很苦，而且效果很不错，喝了2天喉咙感觉舒服了很多，包装也蛮用心的，非常满意!是正宗的化州橘红，以后会常来。04-262回复""},{""revie"":""翠翠翡请问可以直接放水调制煮茶模式煮好直接喝吗05-16广东赞2虾叔【只做陈年化橘红】作者那调一下时间，煮3分钟可以了，或者这样你加些甘草和西洋参下去一起煮，按预置的模式煮看看。05-16广东赞回复展开 1 条回复""}]",160,虾叔【只做陈年化橘红】
1749267558-85,https://www.xiaohongshu.com/search_result?keyword=%25E5%2581%2587%25E9%2599%2588%25E7%259A%25AE&source=unknown,血泪教训，希望大家都不要再踩坑了?,https://sns-webpic-qc.xhscdn.com/202506071117/15ad4c1d95222abd435bdb08b240d660/1000g00828v6jpuufi06g5og3gr3410j6vb8kit0!nc_n_webp_mw_1,,https://www.xiaohongshu.com/search_result/6424f922000000001300a152?xsec_token=ABn-MquGmE91FGitRCzLrf9nUSbfkj_r1ckpDDXDKS4JQ=&xsec_source=,"因为工作搬出来自己住了，每次周末回家去看爷爷，爷爷都想把家里有的东西给我拉走，还给我介绍了整整一壁柜的滋补品，结果被我看到了这个黑乎乎的工艺皮，我一整个就是大震惊的状态，因为我自己之前买陈皮的时候也做了不少功课，所以一眼就知道这是假的
爷爷说是亲戚送给他的，可能人家就觉得是大品牌，也不懂真不真，不过工艺皮喝了对身体没有任何好处，甚至还会影响身体健康。跟爷爷说是假的，让他扔了他还舍不得，打算把我那罐好的给他换过来
·
我相信大部分喝陈皮的新手小白都买过市面上的造假陈皮吧？我喝陈皮差不多五年了，给大家分享一点小知识和小经验，希望大家买给自己喝或者送礼的时候不会搞出大乌龙
·
新会陈皮造假的三种情况：
1?年份造假，例如把12年的皮当做15年的皮来卖
2?人为做旧，用机器来烘烤陈皮或者使用药水来让陈皮的颜色变深，给人一种老陈皮的感觉，这种陈皮称之为工艺皮。表皮发黑，内囊紧贴，闻起来还有一股糊味，我爷爷家那罐就是这样的，一眼假
3?产地造假，一线产区的新会陈皮比较贵，有些不良商家就会拿别的产区的来冒充，以此卖得更贵，这种情况小白是比较难分辨的
·
应该选择怎么样的陈皮：
1?不必过度追求一线核心产区，虽然口感相对来说比较香甜，自己喝或者送朋友都不错，二三线的皮不细品，自己喝的话其实大差不差的
2?日常喝以大红皮为主，要注意的是：只有陈化3年以上的陈皮，才具备新会陈皮的功效。3-5年的陈皮适合入膳，5-10年的陈皮适合日常饮用，10年以上的陈皮比较适合养生
3?正常来说，不要在超市和药房买陈皮。超市的一般是九制陈皮，没有新会陈皮的功效；药房的一般不是正宗的新会本地皮，品质也说不上好
·
大家刚开始买陈皮的时候最好挑选能试喝的，慢慢寻找靠谱商家。当然最重要的还是要多学习一些有关陈皮的知识，才会减少踩坑的机率
#新会陈皮 #健康养生 #陈皮鉴定","[{""revie"":""万妮达作者@书一茶庄 我喝的陈皮是这家的。抱歉啊不常玩小红书，现在才看到有人一直问我2023-06-08914是阿易的瓢啊??我也买了这家，口感真的不错，我爸好喜欢喝2023-10-042回复展开 13 条回复""},{""revie"":""ER-这个是真的么2023-05-05626茶馆家小陈年份最多四五年吧2023-05-073回复展开 25 条回复""},{""revie"":""是小柠檬呀帮我看看这是真的吗？说是22年的2023-09-18514小红薯6616115F不是新会皮2024-04-253回复展开 13 条回复""},{""revie"":""unclejian帮看看，一个是非品牌，一个品牌。也欢迎大家来猜2023-12-08赞12南井鹿这个浙江人看着都行2023-12-141回复展开 11 条回复""},{""revie"":""136******78这个20年的皮怎么样？2024-01-02赞7粤陈香呃。。工艺皮了，高温高湿做旧皮，20年的新会皮大几千了2024-01-022回复展开 6 条回复""},{""revie"":"".2023-12-29赞4.2023-12-29赞回复展开 3 条回复""},{""revie"":""蓉rong求大神鉴定2023-12-08赞4蓉rong2023-12-08赞回复展开 3 条回复""},{""revie"":""顾梦而知这个咋样2023-12-07赞4顾梦而知有好心人吗2023-12-07赞回复展开 3 条回复""},{""revie"":""??????有行家帮我看看我买的陈皮怎么样吗？谢谢了2023-12-05赞4喂信 高度：1342×7277宽130不是新会陈皮2023-12-21赞回复展开 3 条回复""},{""revie"":""暖通大叔2024-02-18赞3暖通大叔2024-02-18赞回复展开 2 条回复""}]",382,万妮达
1749267584-87,https://www.xiaohongshu.com/search_result?keyword=%25E5%2581%2587%25E9%2599%2588%25E7%259A%25AE&source=unknown,是不是买到了假陈皮,https://sns-webpic-qc.xhscdn.com/202506071117/8a83cae1626d387c1fae80bd991762f6/notes_pre_post/1040g3k031er4h6a56a005n1gmli1v3v7asu1f5o!nc_n_webp_mw_1,,https://www.xiaohongshu.com/search_result/67ce4849000000000603d376?xsec_token=ABmv-gDgxksOWhVX5Oj1Lqda01nx1Ogk3domZYIPEOeS8=&xsec_source=,香港宝芝林的新会陈皮，是不是买到假的了？有懂行的可以帮看下吗？#陈皮 #陈皮水 #新会陈皮,"[{""revie"":""新会能匠陈皮商行是假的，不是新会陈皮，只是普通水果皮。03-10赞5铁包子作者谢谢03-10赞回复展开 4 条回复""},{""revie"":""正棠确实不是新会陈皮 宝03-10赞3铁包子作者是工艺皮吗？03-10赞回复展开 2 条回复""},{""revie"":""陈金健抛开断皮整皮，抛开产区及价格，抛开圈枝驳枝，有空的煮，让身体去感知这款皮，好的陈皮会説话。...关键点（尽量煮，不要泡，陈皮和茶不同; 煮的方法，茶水比1:50，先开水洗皮醒皮煮1分钟倒掉，再加开水煮4~5钟，出汤不要浸皮）:  ①  看汤色（颜色，通透度; 是否混浊，如果汤色混浊就基本上为  工艺皮    ）; ② 看内囊，是否易烂（温馨提示，生晒皮久煮不烂，Q弹，纹理清晰，有韧性，如果一煮即烂就要小心）;  ③最后一步，看口感（口感，分热饮冷饮 ; 好的圈枝皮，无论整皮或断皮，  热饮冷饮  俱佳，圈枝以甜/润/香/醇为佳（不苦，不酸，不辣，不麻，不涩）; 驳枝可能微苦微酸，但也是甜润的。03-1021铁包子作者学到了03-102回复""},{""revie"":""优优皮是的04-08赞回复""},{""revie"":""用户642891307借楼问真假04-03赞回复""},{""revie"":""芳姨新会陈皮这皮是假的！04-02赞回复""},{""revie"":""新会陈皮的～皮皮不像新会陈皮03-31赞回复""},{""revie"":""茶多多看看@茶多多03-30赞回复""},{""revie"":""新会柑农陈皮哥我寄几块你对比一下吧，这皮有问题03-28赞回复""},{""revie"":""请叫我怡宝妹妹非新会陈皮03-26赞回复""}]",10,铁包子
1749267612-89,https://www.xiaohongshu.com/search_result?keyword=%25E5%2581%2587%25E9%2599%2588%25E7%259A%25AE&source=unknown,两种陈皮帮忙看看,https://sns-webpic-qc.xhscdn.com/202506071117/ddad5128964f31726a75bdb2efb96585/notes_pre_post/1040g3k031i9r88j7mo0049iidfooko7r4c1riio!nc_n_webp_mw_1,,https://www.xiaohongshu.com/search_result/683fa66c0000000022037ba7?xsec_token=ABkfUeX_T3MBWpJKx5A3cVRDDM70SN6Bl9cw5t1-eeHO4=&xsec_source=,大家帮我看看。哪个陈皮是真哪个是假，还是都真都假#陈皮 #中药养生 #陈皮推荐,"[{""revie"":""鱼肉鱼肉（新会本地卖陈皮）就这样看，两个都不行，两个的油胞都不明显，正常是这样的3天前广东赞2Glynnis°作者这样说我还真看的出来，请问你的图上都是几年的呀？2天前湖北赞回复展开 1 条回复""},{""revie"":""小杜家陈皮图一看着没问题，图二内囊不正常，有做旧嫌疑。2天前广东赞3Glynnis°作者有道理2天前湖北赞回复展开 2 条回复""},{""revie"":""爱吃大香蕉图二做旧的2天前广东13Glynnis°作者请问做旧是啥意思？2天前湖北1回复展开 2 条回复""},{""revie"":""新会百年大红陈皮咋都是断皮来的，图二肯定是工艺皮了。2天前广东赞回复""},{""revie"":""晴天有雨两个都假2天前广东赞回复""},{""revie"":""阿吉图一比图二好。3天前广东赞1Glynnis°作者嗯，是的。图一药店买的2天前湖北赞回复""},{""revie"":""momo放办公室喝的，上个月拿出来翻晒去潮。3天前广东赞3Glynnis°作者看不懂2天前湖北赞回复展开 2 条回复""},{""revie"":""开始接班的小韦图一：不是新会皮，没有雷疤\n图二：染色做旧3天前广西1回复""},{""revie"":""新会陈皮农村小伙图二不咋地3天前广东赞回复""},{""revie"":""五陈韵 新会生晒陈皮两个都不对劲3天前广东赞2Glynnis°作者只能说花钱买不到好东西，图一北京同仁堂买的，按g哦2天前湖北赞回复展开 1 条回复""}]",7,Glynnis°
1749267618-90,https://www.xiaohongshu.com/search_result?keyword=%25E5%2581%2587%25E9%2599%2588%25E7%259A%25AE&source=unknown,新会陈皮,https://sns-webpic-qc.xhscdn.com/202506071117/3d000366112a18d5c3b90429a5585e5a/1040g008319f70i5v62005nvoha6082m551u632o!nc_n_webp_mw_1,,https://www.xiaohongshu.com/search_result/671e3b9a000000001b02c515?xsec_token=ABeQG1yQh5v4tyF_SRsvRvO2R569lIcCA8OHg6GZd-9Sk=&xsec_source=,"新会种植柑橘已经有700多年历史，由于土壤、气候、栽培等特殊成因，新会陈皮的效果更好，价值更高。
	
明代《本草品汇精要》记载:“道地广东”。
	
清·《本草厉害》:“广东新会皮为胜，陈久者良，故名陈皮。
	
在广东新会，东甲、梅江、天马、茶坑地区产的陈皮更为优质，为核心一线产区。这里地理位置得天独厚，三江汇流带来丰富的营养物质。
	
我们严选2012年一线产区的新会东甲大红皮，已陈化10年以上，陈皮油室饱满、馥郁清香。
	
没有陈化的柑皮中挥发油含量较高，黄橙橙的皮用来泡水，不但不能发挥作用，还会刺激肠胃。
	
陈皮在陈化过程中，随着年份的增加，表皮颜色逐渐加深，体积越来越小，质地也越来越脆薄。
	
油包出现自然的皱缩，所含的挥发油逐渐转化为黄酮类化合物等有效物质。
	
较为辛辣的柑果香也逐渐变成醇厚的陈皮清香，柑皮的苦味也会变为甘醇。
	
陈皮造假的现象现在已经非常常见，什么洒水后晒干烘干，用茶水和盐泡过后烘干，湿仓闷等等方法层出不穷。
	
造假技术日新月异，以前我们看看照片也能帮忙辨认真假。而现在，有的陈皮我们也需要亲手拿到才能准确辨别。
所以，很多商家并不是故意卖假货，而是他们也被蒙在鼓里。
	
真正的新会陈皮非常稀缺，价格每年都上涨。很多朋友会选择囤一些继续陈化，或者备用。
	
长期存放时应放在阴凉干燥的地方，并放入干燥剂，保持封口密闭即可。有条件可以在干燥有阳光的天气，定期适当翻晒。
	
陈放十年的新会陈皮，在桌上放两片，香味能扩散一整个屋子。
	
代茶泡水
每次取一瓣陈皮(整片的三分之一)
加适量开水泡成茶饮，可反复冲泡
	
煎成汤剂
若需要更强效力，可直接取一整片陈皮用水煲开，文火30分钟
	
煮肉煲汤
做肉类时放少许陈皮，不仅可以提香去异味也可提升食欲。老人小孩吃“肥甘厚腻”的
食物时，格外适合搭配食用。#陈皮 #新会陈皮",[{"revie":"美哒哒  吃吃吃你好 请问怎么买这个陈皮？2024-12-1311vikki～我家有哦04-01赞回复"}],38,这把养生局
1749267641-92,https://www.xiaohongshu.com/search_result?keyword=%25E5%2581%2587%25E9%2599%2588%25E7%259A%25AE&source=unknown,揭开真假陈皮的秘密攻略，为健康把关,https://sns-webpic-qc.xhscdn.com/202506071117/a0d9a37ef0c451b229c88960aef2ebca/1040g00831a15ir826q405pg062bhhmkcoo6dacg!nc_n_webp_mw_1,,https://www.xiaohongshu.com/search_result/6731ca4f000000001b02d72d?xsec_token=ABs78ICTl6lA7F91wE95_eVmHQ5PlmiaoXjEU0l8TYB-I=&xsec_source=,别再被假陈皮忽悠！2024 年最新辨别方法与行内秘密曝光#新会陈皮 #陈皮知识 #陈皮 #新会陈皮科普 #知识科普,"[{""revie"":""紫苏叶你好，帮忙看一下是18年正宗新会陈皮吗？2024-11-20赞27广东新会陈皮柑将军作者多发几张给我看看2024-11-201回复展开 26 条回复""},{""revie"":""阿狸失去了理青皮 看来也不真喽04-12赞11广东新会陈皮柑将军作者你是想辨别陈皮吗04-12赞回复展开 10 条回复""},{""revie"":""小红薯_9239你好，说是2019年的青皮，麻烦帮忙看一下2024-12-17赞10广东新会陈皮柑将军作者不对2024-12-17赞回复展开 9 条回复""},{""revie"":""会飞的猪头求帮看，谢谢04-20赞9广东新会陈皮柑将军作者近距离拍一下看看04-20赞回复展开 8 条回复""},{""revie"":""阳光帮忙看看是真的陈皮吗2024-12-15赞9广东新会陈皮柑将军作者多发几张给我看看2024-12-15赞回复展开 8 条回复""},{""revie"":""谨此人??????自娱自乐帮我看看我这个晒了两天的皮2024-12-09赞9广东新会陈皮柑将军作者多发几张给我看看2024-12-09赞回复展开 8 条回复""},{""revie"":""噔噔噔新晒的麻烦看看2024-12-01赞9广东新会陈皮柑将军作者2024-12-011回复展开 8 条回复""},{""revie"":""丁丁帮我看看2024-12-0317广东新会陈皮柑将军作者不对2024-12-03赞回复展开 6 条回复""},{""revie"":""伊恩帮我看看，刚在药店买的2024-12-02赞7广东新会陈皮柑将军作者多发几张给我看看2024-12-02赞回复展开 6 条回复""},{""revie"":""小红薯680224F0药房买的也是假的吗？2024-11-16赞7广东新会陈皮柑将军作者发一下图片给我看看2024-11-16赞回复展开 6 条回复""}]",418,广东新会陈皮柑将军
1749267665-95,https://www.xiaohongshu.com/search_result?keyword=%25E5%2581%2587%25E9%2599%2588%25E7%259A%25AE&source=unknown,批发市场老板告诉我的｜最新仿新会假陈皮,https://sns-webpic-qc.xhscdn.com/202506071117/2d332c3897beab2d23b2e0a5f224654e/03029o01kttazytnzfd010q5t5k0t26cv7!nc_n_webp_mw_1,,https://www.xiaohongshu.com/search_result/632e83a7000000001701738d?xsec_token=AB9AjK0topew0PQiIBkVpRB-lduN8VRZhDpAoadtH3DQ4=&xsec_source=,"#我的第一篇笔记
大家好，我是中药材买手橙妈，入行时间不久却被骗的不少。把我遇到的坑跟大家分享，一起促进中药材行业的健康发展。
———
陈皮一直都是药材批发市场的抢手货，随着这些年的大家养生意识不断增强，新会陈皮的价格也暴涨。造假技术随着大家科普而不断更新，图片这陈皮是伪新会皮。有看出什么不同吗
	
在批发市场的时候老板说这个货新出的，pdd热销款，这个皮的好处（仿真）就是带油室，价格40以下。","[{""revie"":""低调的教书匠我家都是自己去摘，自己存，哪个年份都有一点，哪个年份都不多2022-10-051回复""},{""revie"":""新会好姐姐陈皮这个是碰柑的皮，他们市场源头卖25一公斤2022-10-03赞回复""},{""revie"":""今天起细水长流所以买便宜的就行不讲究2022-10-03赞回复""},{""revie"":""永远工作D没有花我们这边好多自已买果子晒，2022-10-03赞回复""},{""revie"":""Gin#课间休息一下我们店都是新会预定果子自己摘自己晒2022-10-02赞回复""},{""revie"":""哆来咪本地人是整个果园包起，不会假2022-09-30赞回复""},{""revie"":""请叫我怡宝妹妹油包就不对2022-09-29赞回复""},{""revie"":""陈小新新会陈皮一看就是外地皮2022-09-26赞回复""},{""revie"":""煲仔饭还是自己把摘靠谱。2022-09-2421橙妈采药记｜养生原料批发作者是啊，自己弄不到就多学点辨别2022-09-241回复""}]",20,橙妈采药记｜养生原料批发
1749267683-96,https://www.xiaohongshu.com/search_result?keyword=%25E5%2581%2587%25E9%2599%2588%25E7%259A%25AE&source=unknown,买到了假陈皮，一怒一下直接去了新会,https://sns-webpic-qc.xhscdn.com/202506071117/42ecb68bf28e507daa7f18da9ae930c5/1040g008317dd7pf5gq6g5pemmhp3ckjp8eq2s28!nc_n_webp_mw_1,,https://www.xiaohongshu.com/search_result/66dad917000000001e01a5c8?xsec_token=ABUi9nW4uYgSjfYv5wgWD_fyaFQwWkNGS7CF-4LBpUC_8=&xsec_source=,"之前在网上买一斤陈皮，结果买回来却和图片完全不符，去找商家直接不理人，一气之下就和朋友跑到了新会买陈皮。
-
在出发前，我做了一些准备工作，虽然可能不及那些经验丰富的陈皮爱好者详尽，但这些小贴士或许对你有所帮助：
1、验证身份：确认对方是真正的果农还是中间商。果农通常拥有自己的果园，9月至12月期间，你甚至可以亲自前往果园采摘新鲜果实，并请他们帮忙剥皮，以便自己带回家晾晒制作。
2、考察环境：如果可以的话，亲自查看他们的陈化环境或仓库，这样你可以更直观地了解陈皮的制作过程，从而更加放心。
3、多做比较：在买前，先在网上学一些相关知识点避免被坑。如果条件允许，可以先试喝样品，不要急于下手。
-
这次旅行非常愉快，去逛了好几个果园，也亲自品尝过陈皮水，才下手买几斤陈皮回来，还和果农交成了朋友，后面喝完直接找他寄
#陈皮#陈皮推荐#正宗新会陈皮#新会陈皮",[{"revie":"OKDVD可以的\n\t\n\n\t\n\n\t\n\n研究“陈皮 ”6 年了，踩过太多坑了了，“高年份”容易踩坑到工业皮，但是年份太低又不好喝，5 年刚刚好。朋友妈妈在江门新会开柑园的，每一年都会用鲜果储存，生晒，收藏，都是在自家干仓储存，妥妥我已经连续喝了 3 年了，其他商家的都不敢买，水太深了?@『陈皮』??????爱收藏的玲姐?2024-12-25赞回复"}],21,淇妹.
